,DMSO 01,DMSO 02,DMSO 03,RAPA 01,RAPA 02,RAPA 03,DMSO 01,DMSO 02,DMSO 03,RAPA 01,RAPA 02,RAPA 03,DMSO 01,DMSO 02,DMSO 03,RAPA 01,RAPA 02,RAPA 03
Mar2,0,0,0,0,0,0,0,0,0,2.1564,0,0,0.97486,0,0.93027,0.9522,1.6778,0.80178
Sept2,0,0.95028,0,2.4445,1.0811,0,2.3787,0,0,4.3129,0,0,2.9246,2.507,2.7908,0.9522,3.3556,1.6036
Sept3,0,0.95028,1.9206,3.6668,2.1622,2.173,4.7574,2.7028,2.9948,2.1564,2.8858,3.3483,2.9246,0.83568,1.8605,2.8566,4.1945,1.6036
Sept5,2.948,2.8508,2.8809,3.6668,3.2433,3.2595,1.1894,0.90092,0,2.1564,0.96192,0,5.8492,4.1784,3.7211,3.8088,4.1945,4.8107
Sept7,4.4219,5.7017,3.8412,9.7781,5.4055,4.346,5.9468,1.8018,3.9931,4.3129,3.8477,3.3483,5.8492,6.6854,6.5119,7.6176,6.7112,6.4143
Sept8,0,1.9006,1.9206,2.4445,2.1622,2.173,0,0.90092,2.9948,4.3129,2.8858,0,3.8994,3.3427,3.7211,2.8566,2.5167,3.2071
Sept9,0,0.95028,0.96029,1.2223,0,1.0865,0,1.8018,0,1.0782,0,0,1.9497,0.83568,1.8605,2.8566,0.8389,0.80178
Sept11,4.4219,6.652,5.7617,4.889,4.3244,6.519,7.1361,3.6037,2.9948,6.4693,2.8858,3.3483,8.7737,11.699,9.3027,11.426,9.2279,11.225
Aak1,0,1.9006,1.9206,0,2.1622,1.0865,1.1894,0,0,0,0.96192,0,1.9497,7.5211,4.6514,3.8088,4.1945,6.4143
Aars,0,1.9006,1.9206,1.2223,1.0811,0,0,0,0,0,0,0,0.97486,0.83568,1.8605,2.8566,0.8389,2.4054
Aars2,0,0,0.96029,0,1.0811,0,0,0,0,0,0.96192,0,0.97486,0,0,0,0,0
Abat,7.3699,7.6023,5.7617,8.5558,9.7299,8.6921,9.5148,7.2074,4.9913,9.704,9.6192,3.3483,8.7737,5.8497,7.4422,11.426,7.5501,7.2161
Abhd12,0,0,0,0,0,0,0,0,0,0,0,0,0,0,0.93027,0,0.8389,0
Acadl,0,0,0,0,0,1.0865,0,0,0,0,0,3.3483,0,0.83568,0,0,0.8389,0.80178
Acadvl,0,0,0,0,0,0,0,0.90092,1.9965,2.1564,0.96192,1.1161,0.97486,0.83568,0,0.9522,0,1.6036
Acat1,1.474,3.8011,5.7617,4.889,4.3244,6.519,1.1894,5.4055,5.9896,5.3911,5.7715,3.3483,5.8492,5.8497,5.5816,4.761,2.5167,5.6125
Acat2,0,0.95028,0,0,1.0811,1.0865,0,0,0,0,0,0,0,0.83568,0,0,0.8389,0.80178
Acly,0,0.95028,2.8809,0,0,2.173,0,0,0,0,0,0,2.9246,0.83568,2.7908,2.8566,2.5167,1.6036
Aco2,16.214,18.055,18.245,14.667,15.135,14.125,20.219,12.613,12.977,9.704,11.543,13.393,19.497,26.742,27.908,25.709,23.489,26.459
Acot7,1.474,0.95028,1.9206,1.2223,2.1622,2.173,0,0,0,0,0,0,1.9497,2.507,3.7211,1.9044,2.5167,1.6036
Acsbg1,0,0,0,0,0,0,0,0.90092,0,1.0782,0,0,0,1.6714,1.8605,0,2.5167,1.6036
Acsf2,0,0,0,0,1.0811,0,0,0.90092,0.99827,0,0,0,0.97486,1.6714,1.8605,0,1.6778,0.80178
Acsl6,1.474,0.95028,0.96029,2.4445,1.0811,2.173,0,0,0,0,0,0,2.9246,2.507,3.7211,2.8566,1.6778,4.0089
Actb,41.271,38.011,36.491,36.668,40.001,33.682,28.544,41.442,34.939,29.112,28.858,35.715,26.321,21.728,20.466,24.757,20.134,21.648
Actc1,20.636,17.105,17.285,15.889,12.973,15.211,9.5148,12.613,13.976,9.704,13.467,17.858,11.698,9.1924,8.3724,11.426,9.2279,9.6214
Actn1,7.3699,4.7514,8.6426,8.5558,5.4055,3.2595,14.272,5.4055,10.981,8.6258,7.6954,7.8127,2.9246,3.3427,1.8605,1.9044,2.5167,1.6036
Actn4,1.474,3.8011,2.8809,3.6668,4.3244,2.173,13.083,2.7028,7.9861,5.3911,5.7715,3.3483,2.9246,2.507,1.8605,0.9522,2.5167,2.4054
Actr1a,2.948,4.7514,3.8412,4.889,3.2433,2.173,0,1.8018,0.99827,1.0782,0.96192,2.2322,6.824,2.507,3.7211,2.8566,2.5167,4.8107
Actr2,4.4219,1.9006,1.9206,3.6668,3.2433,3.2595,0,1.8018,0,3.2347,0.96192,1.1161,4.8743,2.507,2.7908,2.8566,2.5167,3.2071
Actr3,4.4219,3.8011,4.8014,3.6668,4.3244,4.346,4.7574,2.7028,2.9948,1.0782,1.9238,0,3.8994,2.507,4.6514,4.761,3.3556,3.2071
Adar,0,0,0,0,0,0,0,0.90092,0,0,0,2.2322,0,0,0.93027,0,0,0
Add1,4.4219,1.9006,0.96029,1.2223,2.1622,1.0865,2.3787,2.7028,2.9948,0,0.96192,1.1161,1.9497,3.3427,2.7908,0.9522,0.8389,2.4054
Add2,1.474,0,0.96029,0,0,3.2595,0,0.90092,0,1.0782,0,0,0,0.83568,1.8605,0.9522,0.8389,0.80178
Adh5,0,0,0,1.2223,1.0811,0,0,0,0,0,0,0,0,1.6714,0,0,0.8389,1.6036
Agap2,0,0,0,0,0,0,0,0.90092,0,0,0,0,0,0.83568,0,0,0,0.80178
Ahcy,0,0.95028,1.9206,0,1.0811,0,0,0,0,0,0,2.2322,0,0,0.93027,0,0,0
Aifm1,0,0,0,0,0,0,0,2.7028,0.99827,0,0,0,0,0,0,0,0,0
Ak1,1.474,5.7017,4.8014,4.889,5.4055,5.4325,3.5681,4.5046,2.9948,4.3129,2.8858,3.3483,6.824,3.3427,3.7211,5.7132,4.1945,2.4054
Akap5,0,0,0.96029,0,0,0,0,0,0,0,0,0,0,0.83568,0.93027,0.9522,3.3556,1.6036
Akr1a1,2.948,0.95028,1.9206,4.889,3.2433,2.173,1.1894,0.90092,1.9965,3.2347,0.96192,4.4644,0.97486,1.6714,0.93027,0.9522,0.8389,0.80178
Alb,7.3699,8.5525,12.484,9.7781,9.7299,8.6921,0,0.90092,2.9948,3.2347,1.9238,2.2322,5.8492,6.6854,6.5119,4.761,10.906,8.0178
Alcam,0,0,0.96029,0,0,0,0,0,0,0,0,2.2322,0,0,0,0,0.8389,0
Aldh1b1,0,0,0,0,0,0,0,0,0,0,0,1.1161,0.97486,0.83568,1.8605,2.8566,1.6778,2.4054
Aldh2,0,0.95028,0,0,0,1.0865,0,0,1.9965,2.1564,0,2.2322,0.97486,0.83568,1.8605,0.9522,0.8389,0
Aldh4a1,0,0,0.96029,0,0,1.0865,0,0,0,0,0,0,0.97486,1.6714,2.7908,0.9522,1.6778,0.80178
Aldh5a1,2.948,2.8508,2.8809,4.889,3.2433,2.173,9.5148,1.8018,0.99827,5.3911,2.8858,7.8127,2.9246,4.1784,3.7211,5.7132,3.3556,3.2071
Aldh6a1,0,0.95028,1.9206,0,0,2.173,0,0.90092,0,2.1564,3.8477,1.1161,1.9497,2.507,2.7908,2.8566,2.5167,4.0089
Aldh7a1,0,0,0,0,1.0811,0,0,0,0,0,0,0,0,0,0,0.9522,1.6778,0
Aldh9a1,0,0,0,0,0,1.0865,0,0,0,0,0,0,0,0.83568,0,0,0,0
Aldoa,14.74,12.354,13.444,12.223,15.135,14.125,11.894,9.0092,10.981,15.095,10.581,12.277,11.698,14.206,13.024,17.14,15.939,18.441
Aldoc,16.214,8.5525,6.722,8.5558,11.892,7.6055,13.083,9.0092,11.979,17.252,10.581,20.09,7.7989,9.1924,10.233,6.6654,10.067,11.225
Amph,1.474,3.8011,2.8809,4.889,3.2433,4.346,8.3255,2.7028,1.9965,3.2347,2.8858,1.1161,6.824,7.5211,6.5119,7.6176,3.3556,4.8107
Anks1b,0,0.95028,0,1.2223,1.0811,2.173,2.3787,6.3064,2.9948,2.1564,3.8477,3.3483,0,0,0,0,0,0
Anxa3,1.474,0.95028,0.96029,0,1.0811,1.0865,1.1894,0,0,0,0,0,1.9497,0,0.93027,0.9522,0.8389,0
Anxa5,8.8439,1.9006,2.8809,3.6668,4.3244,3.2595,8.3255,0.90092,0.99827,3.2347,0.96192,3.3483,4.8743,2.507,2.7908,5.7132,1.6778,1.6036
Anxa6,0,2.8508,2.8809,2.4445,3.2433,1.0865,0,0.90092,0,1.0782,1.9238,0,2.9246,1.6714,3.7211,1.9044,4.1945,4.8107
Ap1b1,10.318,3.8011,6.722,6.1113,6.4866,6.519,4.7574,7.2074,2.9948,2.1564,13.467,6.6966,9.7486,10.864,12.094,13.331,10.067,10.423
Ap2a2,7.3699,9.5028,10.563,11,8.6488,10.865,13.083,12.613,12.977,10.782,9.6192,8.9288,19.497,21.728,12.094,13.331,15.1,14.432
Ap2b1,17.688,14.254,19.206,18.334,19.46,18.471,8.3255,16.217,9.9827,6.4693,22.124,14.509,25.346,26.742,23.257,26.662,20.972,19.243
Ap2m1,7.3699,4.7514,3.8412,3.6668,5.4055,0,2.3787,1.8018,0,1.0782,2.8858,1.1161,1.9497,5.8497,2.7908,3.8088,5.0334,5.6125
Ap2s1,0,0.95028,0.96029,1.2223,1.0811,1.0865,0,1.8018,0.99827,0,0,0,0.97486,0.83568,1.8605,1.9044,0.8389,1.6036
Ap3m2,0,0,0,0,0,0,0,0,0,0,0,0,0,0,0,0,0.8389,0
Apoe,0,1.9006,0.96029,1.2223,1.0811,2.173,0,0,0,1.0782,0,2.2322,0,1.6714,0.93027,1.9044,2.5167,2.4054
Aprt,0,0.95028,0.96029,1.2223,1.0811,2.173,0,0.90092,0,0,0,0,0.97486,0,0.93027,0.9522,0.8389,0.80178
Aqp4,0,0.95028,0.96029,0,0,1.0865,0,1.8018,0,0,0,0,0,0,0,0,0,0
Arf1,7.3699,5.7017,4.8014,6.1113,5.4055,5.4325,8.3255,2.7028,3.9931,5.3911,6.7335,6.6966,3.8994,4.1784,4.6514,2.8566,5.8723,3.2071
Arf5,4.4219,2.8508,2.8809,3.6668,5.4055,4.346,2.3787,4.5046,2.9948,1.0782,3.8477,3.3483,2.9246,2.507,2.7908,0.9522,3.3556,1.6036
Arhgdia,2.948,1.9006,2.8809,2.4445,4.3244,3.2595,1.1894,1.8018,4.9913,4.3129,3.8477,6.6966,1.9497,4.1784,5.5816,2.8566,3.3556,2.4054
Arl8b,0,0,0,0,0,0,0,0.90092,0,1.0782,0,0,1.9497,1.6714,1.8605,0.9522,0.8389,0.80178
Armc10,0,0,0,0,0,0,3.5681,0,2.9948,2.1564,1.9238,0,0,0,0,0,0,0
Arpc1a,0,0.95028,0.96029,1.2223,1.0811,1.0865,0,0,0,0,0,0,0.97486,2.507,0,0,1.6778,3.2071
Arpc2,1.474,0.95028,1.9206,1.2223,0,2.173,0,1.8018,1.9965,1.0782,0.96192,0,2.9246,4.1784,3.7211,1.9044,1.6778,2.4054
Arpc5l,1.474,0,0,0,0,0,2.3787,0,0,3.2347,3.8477,2.2322,0,0,0,0,0,0
Asrgl1,0,0.95028,0.96029,0,1.0811,1.0865,0,0,0,2.1564,0,0,0,0.83568,0.93027,0.9522,0.8389,0
Atad3,0,0,0.96029,0,1.0811,1.0865,0,1.8018,1.9965,0,0,4.4644,0.97486,0.83568,0.93027,0,0,0.80178
Atic,0,0.95028,0.96029,1.2223,1.0811,1.0865,0,0,0,0,0,0,0.97486,0,0.93027,0.9522,0.8389,1.6036
Atl1,0,1.9006,3.8412,0,1.0811,2.173,0,1.8018,0.99827,0,0.96192,0,0.97486,5.8497,3.7211,1.9044,2.5167,4.0089
Atp1a1,42.745,28.508,29.769,33.001,30.271,29.336,42.817,36.037,38.932,34.503,36.553,47.992,32.17,25.07,26.978,30.47,20.972,23.252
Atp1a2,41.271,30.409,27.848,33.001,28.109,24.99,40.438,36.938,44.922,32.347,42.325,56.921,30.221,23.399,27.908,30.47,24.328,22.45
Atp1a3,48.641,40.862,42.253,44.001,40.001,34.768,46.385,47.749,48.915,46.363,50.982,53.573,42.894,31.756,45.583,44.754,37.75,35.279
Atp1b1,10.318,9.5028,5.7617,7.3336,11.892,6.519,11.894,11.712,11.979,12.939,11.543,12.277,8.7737,5.0141,6.5119,6.6654,5.0334,4.0089
Atp1b2,0,0,0.96029,0,0,0,1.1894,0,0,0,0,1.1161,0.97486,0.83568,0.93027,0.9522,0.8389,1.6036
Atp1b3,0,2.8508,1.9206,1.2223,3.2433,2.173,2.3787,4.5046,0.99827,0,0,2.2322,2.9246,1.6714,2.7908,2.8566,2.5167,2.4054
Atp2a2,5.8959,7.6023,4.8014,4.889,6.4866,3.2595,0,4.5046,0.99827,0,2.8858,1.1161,4.8743,11.699,6.5119,5.7132,9.2279,10.423
Atp2b1,7.3699,9.5028,8.6426,8.5558,9.7299,13.038,1.1894,10.811,7.9861,2.1564,13.467,5.5805,13.648,19.221,19.536,16.187,20.972,17.639
Atp2b2,7.3699,12.354,8.6426,9.7781,12.973,11.952,3.5681,10.811,14.974,5.3911,10.581,12.277,11.698,15.878,16.745,16.187,15.1,14.432
Atp2b3,4.4219,5.7017,2.8809,6.1113,4.3244,5.4325,0,6.3064,6.9879,2.1564,6.7335,4.4644,9.7486,11.699,11.163,11.426,10.906,12.027
Atp2b4,8.8439,8.5525,4.8014,8.5558,7.5677,7.6055,2.3787,5.4055,6.9879,3.2347,5.7715,6.6966,9.7486,10.028,10.233,14.283,10.906,10.423
Atp5a1,29.48,25.658,20.166,28.112,22.703,23.903,33.302,28.829,38.932,37.738,31.743,30.135,22.422,25.07,27.908,24.757,25.167,20.846
Atp5b,42.745,43.713,43.213,41.557,42.163,40.201,53.521,47.749,49.913,59.302,50.982,53.573,47.768,42.619,46.514,39.993,36.912,36.08
Atp5c1,4.4219,1.9006,2.8809,4.889,4.3244,3.2595,5.9468,3.6037,2.9948,6.4693,4.8096,6.6966,3.8994,2.507,1.8605,2.8566,3.3556,3.2071
Atp5d,2.948,0.95028,0.96029,1.2223,1.0811,1.0865,2.3787,1.8018,1.9965,2.1564,1.9238,2.2322,0.97486,0.83568,0.93027,0.9522,0.8389,0
Atp5f1,1.474,1.9006,1.9206,3.6668,3.2433,2.173,0,2.7028,1.9965,2.1564,3.8477,4.4644,1.9497,1.6714,2.7908,1.9044,3.3556,0.80178
Atp5h,2.948,3.8011,3.8412,3.6668,0,1.0865,11.894,5.4055,12.977,14.017,11.543,8.9288,2.9246,0,1.8605,1.9044,1.6778,0
Atp5i,0,0,0.96029,0,0,0,1.1894,0,1.9965,1.0782,3.8477,1.1161,1.9497,0,0,0.9522,0.8389,0
Atp5j,0,0,0.96029,0,0,0,0,0,0,3.2347,1.9238,1.1161,0,0,0,0,0,0
Atp5j2,2.948,0.95028,0.96029,1.2223,1.0811,1.0865,1.1894,0.90092,0,2.1564,2.8858,0,0.97486,1.6714,1.8605,1.9044,0.8389,0
Atp5l,2.948,0.95028,0.96029,1.2223,1.0811,2.173,3.5681,0,1.9965,2.1564,1.9238,2.2322,1.9497,0.83568,0,0,1.6778,1.6036
Atp5o,14.74,7.6023,7.6823,8.5558,7.5677,7.6055,3.5681,3.6037,9.9827,6.4693,4.8096,8.9288,7.7989,4.1784,4.6514,6.6654,3.3556,4.0089
Atp6v0a1,2.948,4.7514,7.6823,3.6668,5.4055,4.346,5.9468,13.514,11.979,3.2347,8.6573,7.8127,3.8994,4.1784,4.6514,2.8566,4.1945,6.4143
Atp6v0c,1.474,0.95028,1.9206,1.2223,0,1.0865,2.3787,4.5046,1.9965,1.0782,1.9238,2.2322,0,0,0,0,0,0
Atp6v1b2,14.74,10.453,13.444,14.667,12.973,14.125,7.1361,17.118,14.974,10.782,13.467,11.161,8.7737,9.1924,7.4422,11.426,12.583,13.63
Atp6v1c1,4.4219,8.5525,8.6426,8.5558,5.4055,7.6055,5.9468,5.4055,1.9965,2.1564,4.8096,2.2322,7.7989,4.1784,4.6514,7.6176,5.0334,3.2071
Atp6v1e1,5.8959,3.8011,3.8412,3.6668,3.2433,1.0865,9.5148,3.6037,2.9948,4.3129,7.6954,4.4644,4.8743,2.507,3.7211,4.761,2.5167,2.4054
Atp6v1f,1.474,0,0,0,0,1.0865,1.1894,1.8018,1.9965,4.3129,2.8858,4.4644,0,0.83568,0.93027,0,0,0
Baiap2,1.474,3.8011,2.8809,1.2223,1.0811,1.0865,9.5148,3.6037,5.9896,4.3129,2.8858,5.5805,0,0,0,0.9522,0.8389,0
Basp1,1.474,3.8011,6.722,7.3336,7.5677,7.6055,4.7574,7.2074,4.9913,5.3911,6.7335,6.6966,4.8743,0.83568,4.6514,5.7132,2.5167,2.4054
Bcan,2.948,0,0,0,0,0,0,0,0,0,0,0,0,0,0,0,0,0
Bcas1,0,0.95028,0,0,0,0,0,0,0,0,0,0,0,0,1.8605,0,0,0
Bdh1,1.474,3.8011,2.8809,2.4445,5.4055,4.346,0,3.6037,0.99827,2.1564,1.9238,5.5805,2.9246,2.507,4.6514,3.8088,4.1945,3.2071
Bin1,0,1.9006,1.9206,1.2223,2.1622,2.173,2.3787,1.8018,0,1.0782,2.8858,1.1161,8.7737,4.1784,3.7211,5.7132,2.5167,2.4054
Bsg,1.474,0,0.96029,1.2223,1.0811,1.0865,2.3787,1.8018,0,1.0782,1.9238,1.1161,0.97486,0.83568,0,0,0.8389,0
Bsn,0,0,0,0,0,1.0865,0,4.5046,4.9913,0,4.8096,1.1161,0,1.6714,0,0,2.5167,0
C1qbp,0,2.8508,0.96029,1.2223,2.1622,1.0865,3.5681,2.7028,3.9931,4.3129,3.8477,4.4644,2.9246,2.507,2.7908,0.9522,1.6778,2.4054
Ca2,1.474,0.95028,1.9206,3.6668,2.1622,1.0865,2.3787,0.90092,0.99827,2.1564,0.96192,1.1161,0.97486,1.6714,0.93027,1.9044,0.8389,1.6036
Cacna2d1,0,1.9006,0.96029,0,1.0811,0,1.1894,7.2074,2.9948,7.5475,7.6954,7.8127,0.97486,0,0,0,0,0
Cacnb2,0,0,0,0,0,0,0,0,2.9948,0,0,1.1161,0,0,0,0,0,0
Cadm2,0,0.95028,0,2.4445,1.0811,2.173,2.3787,0.90092,1.9965,4.3129,0,2.2322,2.9246,0.83568,1.8605,1.9044,1.6778,1.6036
Cadm3,0,3.8011,3.8412,1.2223,2.1622,3.2595,3.5681,0.90092,0,2.1564,0.96192,4.4644,3.8994,3.3427,3.7211,4.761,3.3556,2.4054
Cadm4,0,0,0,0,0,0,1.1894,0,0,2.1564,0,2.2322,0.97486,0,0.93027,0,0,1.6036
Cadps,1.474,0.95028,1.9206,0,2.1622,2.173,0,0,0,0,0,1.1161,7.7989,5.0141,7.4422,4.761,5.0334,5.6125
Calb1,1.474,0.95028,0.96029,0,0,2.173,0,0,0,0,1.9238,0,0.97486,0,0,0,0.8389,0
Calm1,4.4219,3.8011,5.7617,4.889,3.2433,3.2595,2.3787,0.90092,2.9948,2.1564,3.8477,3.3483,2.9246,0.83568,0.93027,0.9522,0.8389,0.80178
Calr,1.474,2.8508,2.8809,2.4445,1.0811,2.173,0,0.90092,1.9965,1.0782,1.9238,0,2.9246,5.0141,6.5119,3.8088,4.1945,3.2071
Camk2a,8.8439,10.453,9.6029,4.889,12.973,10.865,4.7574,9.9101,10.981,5.3911,8.6573,10.045,5.8492,10.028,7.4422,8.5698,10.906,13.63
Camk2b,7.3699,8.5525,7.6823,3.6668,10.811,9.7786,3.5681,6.3064,8.9844,3.2347,9.6192,7.8127,4.8743,8.3568,6.5119,7.6176,5.8723,8.8196
Camk2d,2.948,5.7017,4.8014,1.2223,7.5677,5.4325,1.1894,0,5.9896,3.2347,3.8477,4.4644,1.9497,4.1784,3.7211,3.8088,4.1945,4.0089
Camk2g,4.4219,6.652,4.8014,1.2223,7.5677,6.519,3.5681,1.8018,4.9913,1.0782,6.7335,4.4644,2.9246,3.3427,3.7211,3.8088,3.3556,4.0089
Camkv,1.474,7.6023,6.722,6.1113,5.4055,4.346,2.3787,2.7028,4.9913,2.1564,7.6954,4.4644,6.824,5.8497,8.3724,4.761,7.5501,5.6125
Cand1,1.474,2.8508,6.722,1.2223,3.2433,7.6055,0,2.7028,2.9948,2.1564,3.8477,2.2322,8.7737,11.699,8.3724,11.426,7.5501,9.6214
Canx,2.948,0.95028,2.8809,3.6668,2.1622,3.2595,4.7574,2.7028,2.9948,4.3129,2.8858,3.3483,2.9246,3.3427,3.7211,2.8566,2.5167,1.6036
Cap1,4.4219,4.7514,4.8014,3.6668,5.4055,3.2595,3.5681,0.90092,3.9931,8.6258,4.8096,2.2322,7.7989,5.8497,3.7211,6.6654,3.3556,4.0089
Cap2,2.948,1.9006,1.9206,2.4445,1.0811,1.0865,3.5681,0.90092,2.9948,2.1564,0.96192,2.2322,3.8994,3.3427,1.8605,1.9044,2.5167,3.2071
Capza2,4.4219,1.9006,2.8809,3.6668,3.2433,3.2595,0,0.90092,2.9948,2.1564,1.9238,1.1161,1.9497,0.83568,0.93027,1.9044,0.8389,0.80178
Capzb,1.474,0.95028,1.9206,1.2223,1.0811,2.173,0,4.5046,3.9931,3.2347,1.9238,1.1161,0.97486,0.83568,0.93027,0,0,0.80178
Caskin1,0,0,0,0,0,0,0,0,0,0,0,0,0.97486,0.83568,1.8605,0.9522,0,0.80178
Cbs,0,0,0,0,0,0,0,0,0,0,0,0,0,1.6714,0,0,0,0
Cct2,5.8959,4.7514,4.8014,4.889,5.4055,5.4325,7.1361,2.7028,5.9896,4.3129,1.9238,4.4644,6.824,3.3427,2.7908,3.8088,5.0334,3.2071
Cct3,1.474,2.8508,3.8412,1.2223,3.2433,3.2595,3.5681,1.8018,0.99827,0,1.9238,1.1161,2.9246,0.83568,2.7908,3.8088,3.3556,2.4054
Cct4,1.474,1.9006,2.8809,1.2223,4.3244,3.2595,0,0,0,0,0.96192,2.2322,2.9246,5.0141,5.5816,7.6176,5.0334,4.0089
Cct5,0,0.95028,0.96029,0,1.0811,2.173,2.3787,1.8018,1.9965,1.0782,0,0,1.9497,2.507,2.7908,0.9522,0,1.6036
Cd200,1.474,0.95028,0.96029,1.2223,0,0,0,0,0,0,0,1.1161,0,0.83568,0.93027,0,0,0
Cd47,0,0.95028,0.96029,1.2223,0,0,2.3787,1.8018,0.99827,1.0782,0.96192,3.3483,0.97486,0.83568,0.93027,0,0.8389,0
Cd81,1.474,1.9006,0.96029,2.4445,2.1622,1.0865,2.3787,1.8018,0.99827,2.1564,0.96192,1.1161,2.9246,1.6714,2.7908,1.9044,0.8389,1.6036
Cdc25b,0,0,0,0,0,0,0,0,0,0,0,1.1161,0,0,0,0,0,0
Cdc42,1.474,0.95028,0.96029,2.4445,2.1622,3.2595,5.9468,6.3064,3.9931,4.3129,2.8858,4.4644,1.9497,1.6714,0.93027,0.9522,2.5167,1.6036
Cdc42bpb,0,0,0,0,0,0,0,0.90092,0.99827,0,1.9238,1.1161,0,0,0,0,1.6778,0
Cdk5,0,1.9006,1.9206,0,0,0,0,0,0,0,0,0,0,0.83568,0.93027,0,0.8389,1.6036
Cds2,0,1.9006,2.8809,0,0,1.0865,0,1.8018,0,0,0.96192,0,2.9246,1.6714,1.8605,2.8566,1.6778,2.4054
Cend1,0,0,0.96029,0,0,0,1.1894,0,1.9965,2.1564,0.96192,2.2322,0,0,0,0,0,0
Cfl1,7.3699,6.652,6.722,9.7781,9.7299,6.519,7.1361,2.7028,4.9913,5.3911,3.8477,4.4644,7.7989,6.6854,8.3724,9.522,9.2279,6.4143
Cisd1,1.474,2.8508,1.9206,1.2223,2.1622,1.0865,2.3787,0,1.9965,2.1564,3.8477,0,0.97486,0,1.8605,0.9522,0,0
Ckb,35.375,29.459,25.928,26.89,27.028,31.509,36.87,17.118,15.972,24.799,21.162,29.019,23.397,22.563,18.605,23.805,20.134,23.252
Ckmt1,7.3699,7.6023,6.722,9.7781,9.7299,7.6055,8.3255,8.1083,7.9861,7.5475,7.6954,5.5805,7.7989,4.1784,6.5119,7.6176,5.0334,4.0089
Clasp2,0,0,0,0,0,1.0865,0,2.7028,0,2.1564,1.9238,0,1.9497,0.83568,0.93027,0.9522,1.6778,1.6036
Cltb,0,0.95028,1.9206,2.4445,1.0811,1.0865,0,0.90092,0,1.0782,0,0,0.97486,0,0.93027,0.9522,0.8389,0
Cltc,41.271,43.713,39.372,31.779,52.974,45.633,40.438,56.758,47.917,20.486,49.058,36.831,51.668,60.169,54.886,46.658,58.723,53.72
Cndp2,0,0.95028,0,1.2223,2.1622,0,0,0,0,0,0,0,0.97486,0.83568,1.8605,0,0,1.6036
Cnp,22.11,20.906,19.206,22.001,16.217,23.903,20.219,19.82,17.969,19.408,22.124,21.206,22.422,19.221,19.536,21.901,20.972,19.243
Cnrip1,1.474,1.9006,1.9206,1.2223,1.0811,2.173,2.3787,4.5046,0.99827,2.1564,4.8096,2.2322,1.9497,1.6714,1.8605,0.9522,0.8389,0.80178
Cntn1,1.474,7.6023,10.563,3.6668,8.6488,6.519,5.9468,18.919,16.971,8.6258,14.429,12.277,3.8994,8.3568,6.5119,3.8088,5.8723,7.2161
Cntnap1,0,0,0,0,0,0,0,2.7028,1.9965,2.1564,1.9238,2.2322,0,0,0,0,0,0
Col1a1,0,0,0,0,0,1.0865,0,0,0,1.0782,0,2.2322,0,0,0,0,1.6778,0.80178
Copg1,0,0,0.96029,0,0,0,0,0.90092,1.9965,0,1.9238,0,1.9497,0.83568,0.93027,0.9522,0.8389,0.80178
Coro1a,0,2.8508,1.9206,3.6668,2.1622,2.173,0,1.8018,0.99827,2.1564,0.96192,0,1.9497,4.1784,2.7908,2.8566,4.1945,4.0089
Coro1b,0,0,0,0,0,0,0,0,0,0,0,0,0,2.507,0.93027,0.9522,0,0.80178
Cotl1,0,0,0,0,0,0,0,0,0,0,0,0,0,1.6714,0.93027,0.9522,0.8389,1.6036
Cox4i1,2.948,2.8508,3.8412,0,2.1622,2.173,1.1894,0.90092,0.99827,2.1564,2.8858,1.1161,2.9246,0,2.7908,3.8088,1.6778,0.80178
Cox5a,2.948,2.8508,2.8809,4.889,4.3244,4.346,4.7574,4.5046,6.9879,4.3129,3.8477,3.3483,2.9246,0.83568,0.93027,1.9044,0.8389,0
Cox6a1,0,0,0,0,0,0,1.1894,0,0.99827,1.0782,1.9238,1.1161,0,0,0,0,0,0
Cox6c2,1.474,0.95028,1.9206,0,1.0811,0,0,0,0,1.0782,0,0,0,0,0,0,0,0
Cplx1,0,0,0,1.2223,0,0,0,0,0,1.0782,0,0,1.9497,0.83568,0,0,0,0
Crebbp,0,0.95028,0.96029,1.2223,1.0811,1.0865,2.3787,0.90092,0,0,0.96192,0,0.97486,0,0.93027,0.9522,0,0.80178
Crmp1,10.318,15.205,11.523,13.445,15.135,13.038,11.894,12.613,11.979,11.86,12.505,10.045,12.673,18.385,15.815,16.187,16.778,16.036
Crym,1.474,5.7017,5.7617,4.889,6.4866,5.4325,1.1894,1.8018,0.99827,1.0782,0,1.1161,4.8743,2.507,2.7908,3.8088,2.5167,4.0089
Cs,8.8439,7.6023,7.6823,7.3336,8.6488,6.519,5.9468,5.4055,3.9931,7.5475,0.96192,4.4644,8.7737,6.6854,2.7908,8.5698,7.5501,4.8107
Csnk2a1,0,0.95028,2.8809,0,0,1.0865,0,0,0,1.0782,0,0,2.9246,0.83568,0,1.9044,1.6778,2.4054
Ctbp1,0,0.95028,0,2.4445,0,0,0,1.8018,1.9965,0,0,1.1161,0,0,0.93027,0,0.8389,0.80178
Ctnnb1,0,2.8508,2.8809,0,1.0811,3.2595,0,1.8018,1.9965,1.0782,0.96192,1.1161,2.9246,4.1784,4.6514,1.9044,3.3556,1.6036
Cul3,0,0,0,0,0,0,0,0,0,0,0,0,0.97486,0,0,0,1.6778,0.80178
Cyb5r1,0,0,0,0,0,0,1.1894,0,0.99827,0,0,0,0,0,0,0.9522,0,0
Cycs,4.4219,3.8011,2.8809,6.1113,4.3244,4.346,7.1361,4.5046,3.9931,4.3129,3.8477,4.4644,4.8743,2.507,1.8605,4.761,3.3556,3.2071
Dab2ip,0,0,0,0,0,0,1.1894,0.90092,1.9965,0,0.96192,2.2322,0,0,0,0,0,0
Dars,0,0,0,0,0,0,0,0.90092,0,0,0,0,0,0,0,0,0,0
Dbn1,0,1.9006,2.8809,0,1.0811,3.2595,2.3787,5.4055,3.9931,3.2347,3.8477,2.2322,0,0,0,0,0,0
Dbnl,0,1.9006,2.8809,0,0,2.173,1.1894,0,0,0,0.96192,0,2.9246,0.83568,0.93027,0.9522,0.8389,0.80178
Dclk1,0,0.95028,1.9206,2.4445,1.0811,2.173,0,3.6037,0,0,0,0,0,0,0.93027,0.9522,1.6778,1.6036
Dctn1,0,0,0,0,0,1.0865,1.1894,0.90092,0.99827,0,0,0,0.97486,4.1784,1.8605,0.9522,2.5167,3.2071
Dctn2,0,0,1.9206,1.2223,0,1.0865,4.7574,0,0,3.2347,0,1.1161,0,0,0,0.9522,0,1.6036
Ddah1,1.474,1.9006,1.9206,2.4445,1.0811,2.173,0,0,0.99827,0,0,1.1161,0.97486,0,0.93027,0.9522,0.8389,0
Ddost,0,0,0,0,0,0,0,0,0,0,1.9238,2.2322,0,0,0,0,0,0
Ddt,4.4219,1.9006,1.9206,2.4445,1.0811,3.2595,2.3787,0,0.99827,0,0.96192,1.1161,0.97486,0.83568,0,0,0.8389,0
Dgkb,0,0,0,0,0,0,0,0.90092,0,0,0,0,0,0,0,0,1.6778,0
Dlat,10.318,2.8508,2.8809,3.6668,4.3244,4.346,3.5681,4.5046,4.9913,6.4693,4.8096,3.3483,3.8994,5.8497,4.6514,5.7132,5.0334,6.4143
Dld,4.4219,5.7017,5.7617,4.889,6.4866,7.6055,9.5148,9.9101,7.9861,7.5475,6.7335,12.277,7.7989,8.3568,5.5816,5.7132,8.389,7.2161
Dlg1,0,0,0,0,0,0,0,0,0,0,0,0,0.97486,1.6714,0.93027,0.9522,1.6778,2.4054
Dlg2,0,1.9006,1.9206,0,2.1622,1.0865,0,1.8018,2.9948,0,0,0,0.97486,0.83568,0.93027,0,0,1.6036
Dlg3,0,0,0,0,0,0,0,2.7028,0.99827,0,0.96192,0,0,0,0,0,0,0.80178
Dlg4,0,2.8508,2.8809,0,0,0,4.7574,9.9101,10.981,0,13.467,2.2322,0,0,0,0,0,0
Dlst,1.474,3.8011,2.8809,3.6668,3.2433,2.173,4.7574,3.6037,2.9948,5.3911,4.8096,2.2322,3.8994,1.6714,0.93027,3.8088,2.5167,1.6036
Dnah1,0,0,0,0,0,0,0,0,0,2.1564,0,0,0,0,0,0.9522,0,0
Dnajc5,2.948,3.8011,3.8412,3.6668,2.1622,3.2595,5.9468,1.8018,2.9948,2.1564,0.96192,2.2322,2.9246,1.6714,2.7908,3.8088,3.3556,3.2071
Dnm1,25.058,19.956,27.848,25.667,20.541,18.471,16.651,26.127,18.967,16.173,20.2,18.974,29.246,30.084,30.699,32.375,29.361,28.062
Dnm1l,5.8959,8.5525,8.6426,7.3336,12.973,9.7786,7.1361,0.90092,3.9931,4.3129,5.7715,2.2322,14.623,10.028,10.233,12.379,10.067,10.423
Dnm3,7.3699,4.7514,6.722,4.889,5.4055,4.346,1.1894,9.9101,7.9861,5.3911,7.6954,6.6966,5.8492,10.864,8.3724,8.5698,5.8723,8.0178
Dpp10,0,0.95028,1.9206,1.2223,1.0811,1.0865,1.1894,0,0,0,1.9238,0,1.9497,1.6714,0.93027,1.9044,1.6778,0.80178
Dpp3,0,0,0.96029,0,1.0811,0,0,0,0,0,0,0,1.9497,1.6714,0,0,0.8389,0
Dpp6,0,0,0.96029,0,0,1.0865,5.9468,2.7028,4.9913,2.1564,3.8477,5.5805,1.9497,4.1784,0.93027,0.9522,5.8723,2.4054
Dpysl2,44.219,30.409,27.848,42.779,34.595,35.855,47.574,34.235,34.939,45.285,30.782,27.903,34.12,37.605,31.629,35.232,32.717,35.279
Dpysl3,11.792,11.403,11.523,11,14.054,15.211,9.5148,9.9101,9.9827,11.86,10.581,10.045,10.723,11.699,12.094,11.426,14.261,9.6214
Dpysl4,4.4219,4.7514,5.7617,3.6668,4.3244,3.2595,0,2.7028,2.9948,2.1564,2.8858,0,3.8994,5.8497,3.7211,3.8088,5.0334,6.4143
Dpysl5,1.474,2.8508,2.8809,2.4445,3.2433,5.4325,1.1894,1.8018,2.9948,0,1.9238,0,1.9497,4.1784,3.7211,1.9044,5.8723,3.2071
Dync1h1,0,4.7514,8.6426,0,1.0811,3.2595,0,2.7028,8.9844,0,2.8858,1.1161,2.9246,41.784,5.5816,12.379,40.267,38.486
Dync1i1,0,0,0,0,0,0,0,0,0,0,0,0,0.97486,0,0,0,0.8389,0
Dync1li1,0,0.95028,0.96029,0,0,0,0,0,0,0,1.9238,1.1161,0.97486,0.83568,0.93027,0,1.6778,0.80178
Dynll2,0,0.95028,0.96029,1.2223,1.0811,2.173,1.1894,0.90092,0,2.1564,0.96192,2.2322,0.97486,0,0.93027,1.9044,0,1.6036
Eci1,1.474,0.95028,0.96029,1.2223,0,1.0865,0,0,0,0,0,0,1.9497,0.83568,0.93027,0.9522,1.6778,0
Eef1a1,7.3699,10.453,9.6029,8.5558,7.5677,9.7786,2.3787,4.5046,0.99827,3.2347,1.9238,2.2322,6.824,9.1924,8.3724,6.6654,7.5501,8.8196
Eef1a2,4.4219,10.453,9.6029,4.889,5.4055,7.6055,2.3787,4.5046,0.99827,1.0782,1.9238,2.2322,5.8492,7.5211,8.3724,3.8088,8.389,10.423
Eef1d,0,0.95028,1.9206,1.2223,0,1.0865,0,0,0,1.0782,0,1.1161,0,0,0,0,0,0
Eef1g,1.474,0.95028,1.9206,2.4445,0,1.0865,0,0.90092,0,0,0.96192,0,0,3.3427,0.93027,1.9044,3.3556,0.80178
Eef2,2.948,2.8508,4.8014,2.4445,3.2433,2.173,2.3787,3.6037,0.99827,2.1564,0,0,2.9246,8.3568,7.4422,5.7132,9.2279,11.225
Efhd2,1.474,0,0.96029,2.4445,2.1622,1.0865,1.1894,0,0,1.0782,1.9238,0,0.97486,0,0,0,0,0.80178
Ehd3,1.474,0.95028,1.9206,3.6668,1.0811,2.173,1.1894,3.6037,3.9931,5.3911,4.8096,2.2322,8.7737,3.3427,2.7908,5.7132,3.3556,2.4054
Eif4a2,2.948,3.8011,4.8014,3.6668,5.4055,3.2595,1.1894,0.90092,0,0,0,1.1161,0.97486,1.6714,1.8605,0.9522,4.1945,4.0089
Eif4h,0,0.95028,0.96029,1.2223,0,2.173,0,0.90092,0,3.2347,0,0,0.97486,0.83568,0,0.9522,0,0
Eif5,0,0,0,0,0,0,0,0,0,0,0,0,0,0,1.8605,0,0.8389,0.80178
Eif5a,0,0.95028,0.96029,1.2223,1.0811,1.0865,0,0,1.9965,2.1564,0,2.2322,0,2.507,0,0.9522,0.8389,1.6036
Eno1,25.058,20.906,21.126,23.223,23.784,20.644,20.219,8.1083,14.974,19.408,17.315,15.625,21.447,14.206,16.745,17.14,12.583,11.225
Eno2,25.058,25.658,17.285,23.223,21.622,19.557,24.976,15.316,15.972,26.955,16.353,27.903,14.623,12.535,10.233,14.283,12.583,13.63
Enoph1,0,0,0,0,0,0,0,0,0,0,0,0,0,0,0,0,0,2.4054
Enpp6,0,1.9006,2.8809,0,1.0811,0,1.1894,0.90092,2.9948,4.3129,0.96192,2.2322,0,0,0,0,0,0
Epb41l1,0,0,0,0,0,0,0,2.7028,0.99827,0,0,0,1.9497,1.6714,0,1.9044,0.8389,1.6036
Epn3,0,0,0,0,0,0,0,0.90092,0,0,0,0,0,0,0.93027,0.9522,0,0
Erc2,0,0.95028,0,0,0,0,0,1.8018,0,0,0.96192,0,0,0,0,0,0,0
Erp29,1.474,0,0.96029,0,1.0811,2.173,1.1894,0,0,3.2347,3.8477,2.2322,2.9246,0,0.93027,0,0,1.6036
Etfb,0,3.8011,2.8809,2.4445,2.1622,2.173,0,0,0,0,0,0,4.8743,1.6714,1.8605,3.8088,1.6778,1.6036
Exoc4,0,0,0,0,0,0,0,0,0,0,0,0,0,0,0,0,0,1.6036
Ezr,0,0.95028,0,0,1.0811,1.0865,1.1894,1.8018,0.99827,0,0.96192,1.1161,2.9246,3.3427,3.7211,0.9522,3.3556,2.4054
Faah,0,0.95028,0.96029,1.2223,1.0811,2.173,0,0,0,0,0,0,0.97486,1.6714,0.93027,1.9044,0.8389,0
Fabp7,0,0.95028,0,0,1.0811,2.173,0,0,0,0,0.96192,0,0.97486,0.83568,0,0.9522,0.8389,0
Fahd2,1.474,0.95028,0.96029,1.2223,2.1622,1.0865,0,0,0,1.0782,0,2.2322,1.9497,4.1784,3.7211,3.8088,4.1945,3.2071
Fam213a,2.948,1.9006,1.9206,1.2223,1.0811,2.173,0,1.8018,0.99827,1.0782,1.9238,2.2322,1.9497,1.6714,2.7908,2.8566,0.8389,1.6036
Fasn,0,0.95028,0.96029,0,0,1.0865,0,0,0,0,0,0,0.97486,6.6854,0.93027,2.8566,4.1945,6.4143
Fh,0,0.95028,1.9206,1.2223,2.1622,4.346,4.7574,4.5046,1.9965,7.5475,6.7335,8.9288,4.8743,2.507,0.93027,3.8088,2.5167,4.8107
Fis1,0,0,0,0,2.1622,2.173,0,0.90092,0,0,1.9238,0,0.97486,0,1.8605,0,0.8389,0
Fkbp1a,0,0,0,0,0,0,5.9468,1.8018,2.9948,2.1564,1.9238,4.4644,0,0,0,0,0,0
Fscn1,1.474,3.8011,3.8412,2.4445,2.1622,3.2595,1.1894,3.6037,0,3.2347,0.96192,1.1161,1.9497,5.8497,3.7211,5.7132,6.7112,4.8107
Fxyd6,0,1.9006,0.96029,1.2223,1.0811,1.0865,2.3787,0,0.99827,0,1.9238,2.2322,1.9497,0,0.93027,0.9522,0,0
Fyn,0,0.95028,1.9206,0,0,0,0,0,0,1.0782,0,0,0,0.83568,0,0,0.8389,1.6036
Gabbr1,0,0,0,0,0,1.0865,0,0,0,0,0,0,0,0.83568,1.8605,0.9522,0,0
Gad2,0,0,0.96029,1.2223,2.1622,0,0,0,0,1.0782,0,0,1.9497,2.507,0,1.9044,0.8389,0.80178
Gap43,0,1.9006,2.8809,0,2.1622,3.2595,2.3787,3.6037,3.9931,3.2347,1.9238,1.1161,2.9246,1.6714,2.7908,2.8566,2.5167,2.4054
Gapdh,28.006,21.857,21.126,26.89,22.703,19.557,7.1361,19.82,18.967,19.408,21.162,21.206,23.397,20.056,19.536,21.901,18.456,18.441
Gars,1.474,0,0.96029,0,1.0811,1.0865,0,0,0,0,0,0,0,0.83568,2.7908,0.9522,1.6778,0.80178
Gda,4.4219,9.5028,6.722,8.5558,7.5677,5.4325,8.3255,11.712,11.979,8.6258,9.6192,14.509,7.7989,5.0141,5.5816,4.761,6.7112,7.2161
Gdi1,20.636,18.055,13.444,19.556,16.217,16.298,15.462,12.613,13.976,8.6258,13.467,13.393,15.598,12.535,15.815,13.331,13.422,13.63
Gdi2,10.318,7.6023,5.7617,8.5558,7.5677,8.6921,4.7574,6.3064,6.9879,2.1564,2.8858,3.3483,6.824,11.699,11.163,8.5698,10.067,8.8196
Gfap,5.8959,7.6023,7.6823,8.5558,6.4866,7.6055,0,0.90092,0.99827,1.0782,0.96192,2.2322,0.97486,0,0,0,0,0
Git1,0,0,0,0,0,0,0,0,0,0,0,0,0,1.6714,0.93027,1.9044,1.6778,2.4054
Gja1,0,0.95028,0,0,1.0811,0,0,2.7028,1.9965,0,2.8858,0,0,0,0,0,0,0
Glo1,2.948,1.9006,1.9206,1.2223,1.0811,1.0865,0,0,0,1.0782,0,3.3483,0.97486,0.83568,0.93027,0.9522,0.8389,0
Gls,1.474,2.8508,4.8014,3.6668,3.2433,5.4325,8.3255,8.1083,2.9948,12.939,1.9238,7.8127,6.824,10.864,12.094,8.5698,13.422,9.6214
Glud1,14.74,14.254,11.523,15.889,14.054,15.211,14.272,9.9101,12.977,11.86,10.581,13.393,15.598,15.042,22.326,14.283,18.456,16.837
Glul,10.318,11.403,8.6426,11,8.6488,7.6055,9.5148,9.9101,5.9896,11.86,11.543,6.6966,8.7737,10.028,7.4422,10.474,9.2279,10.423
Gmfb,0,1.9006,1.9206,0,1.0811,1.0865,0,0,0,0,0,0,1.9497,1.6714,1.8605,1.9044,0.8389,0
Gna11,0,3.8011,1.9206,1.2223,0,2.173,1.1894,0,1.9965,2.1564,2.8858,1.1161,2.9246,3.3427,4.6514,0.9522,3.3556,2.4054
Gnai1,2.948,3.8011,3.8412,3.6668,6.4866,3.2595,11.894,10.811,6.9879,7.5475,12.505,7.8127,4.8743,6.6854,3.7211,4.761,4.1945,4.0089
Gnai2,5.8959,5.7017,4.8014,7.3336,6.4866,3.2595,10.704,11.712,11.979,11.86,9.6192,8.9288,5.8492,4.1784,3.7211,4.761,2.5167,1.6036
Gnao1,17.688,21.857,15.365,19.556,17.298,15.211,23.787,30.631,23.958,33.425,33.667,25.67,19.497,12.535,15.815,16.187,13.422,12.829
Gnaq,2.948,3.8011,4.8014,4.889,3.2433,2.173,8.3255,2.7028,5.9896,5.3911,5.7715,5.5805,2.9246,4.1784,3.7211,3.8088,5.8723,4.8107
Gnas,2.948,0.95028,0.96029,1.2223,3.2433,0,3.5681,1.8018,1.9965,1.0782,1.9238,0,3.8994,3.3427,4.6514,2.8566,3.3556,2.4054
Gnaz,0,0.95028,1.9206,0,2.1622,1.0865,0,0.90092,0.99827,0,0.96192,1.1161,0.97486,2.507,1.8605,0.9522,2.5167,4.0089
Gnb1,5.8959,9.5028,6.722,8.5558,7.5677,8.6921,9.5148,10.811,8.9844,10.782,8.6573,5.5805,9.7486,10.864,9.3027,11.426,12.583,10.423
Gnb2,4.4219,8.5525,6.722,7.3336,7.5677,6.519,4.7574,7.2074,7.9861,11.86,9.6192,3.3483,4.8743,6.6854,8.3724,7.6176,9.2279,8.0178
Gnb4,1.474,1.9006,0,1.2223,1.0811,1.0865,2.3787,4.5046,1.9965,4.3129,2.8858,0,0.97486,2.507,1.8605,0.9522,3.3556,1.6036
Gnb5,0,0.95028,0,0,0,0,0,0,0,0,0,0,2.9246,1.6714,0,3.8088,1.6778,1.6036
Got1,16.214,9.5028,10.563,14.667,10.811,13.038,7.1361,4.5046,6.9879,9.704,6.7335,8.9288,7.7989,7.5211,6.5119,12.379,8.389,5.6125
Got2,10.318,6.652,5.7617,8.5558,6.4866,6.519,3.5681,4.5046,9.9827,8.6258,6.7335,6.6966,6.824,9.1924,7.4422,5.7132,6.7112,9.6214
Gp5,0,0,1.9206,1.2223,2.1622,0,0,0,0,0,0,0,0.97486,0,0,0,0,0
Gpd1,0,0.95028,0.96029,1.2223,0,2.173,0,0.90092,0,2.1564,0.96192,0,0,1.6714,0,0.9522,2.5167,2.4054
Gpd2,0,0.95028,0.96029,1.2223,0,0,3.5681,3.6037,0,1.0782,3.8477,2.2322,2.9246,0.83568,4.6514,1.9044,2.5167,1.6036
Gphn,0,0,0,0,0,0,0,1.8018,0.99827,0,0,0,0,0,0,0,0,0
Gpi,10.318,8.5525,9.6029,11,11.892,13.038,13.083,7.2074,6.9879,10.782,6.7335,7.8127,9.7486,10.864,7.4422,9.522,10.067,8.8196
Gpm6a,0,3.8011,0.96029,3.6668,4.3244,2.173,1.1894,1.8018,2.9948,0,0.96192,4.4644,3.8994,1.6714,4.6514,3.8088,0.8389,2.4054
Gpr158,0,0,0.96029,0,0,1.0865,0,0,0,0,1.9238,1.1161,0,0,0,0,0,1.6036
Grb2,1.474,0.95028,0.96029,1.2223,0,2.173,0,0,0,0,0,0,0.97486,0,0.93027,0.9522,0.8389,0
Gria2,0,1.9006,0.96029,1.2223,1.0811,1.0865,1.1894,9.0092,5.9896,1.0782,10.581,5.5805,0.97486,0,0.93027,0,0,0
Grin1,0,0,0,0,0,0,0,1.8018,0,0,0.96192,1.1161,0,0,0,0,0,0
Grm3,1.474,0,0,0,0,0,0,2.7028,0,0,0,1.1161,0,0,0,0,0.8389,0
Gstm1,4.4219,2.8508,1.9206,6.1113,3.2433,2.173,2.3787,1.8018,0.99827,2.1564,0.96192,2.2322,3.8994,1.6714,2.7908,3.8088,2.5167,2.4054
Gstm3,5.8959,4.7514,3.8412,7.3336,4.3244,4.346,5.9468,4.5046,3.9931,5.3911,3.8477,3.3483,2.9246,5.0141,4.6514,4.761,5.0334,4.0089
Gstm5,4.4219,2.8508,2.8809,1.2223,4.3244,3.2595,1.1894,1.8018,0,2.1564,2.8858,0,0.97486,3.3427,1.8605,0.9522,3.3556,3.2071
Gsto1,1.474,0.95028,1.9206,1.2223,1.0811,1.0865,0,0,0,2.1564,0,0,0.97486,0,0.93027,0.9522,0.8389,0.80178
Gstp1,1.474,2.8508,2.8809,3.6668,2.1622,1.0865,2.3787,3.6037,1.9965,7.5475,1.9238,3.3483,1.9497,0,0,2.8566,0,0
Gucy1a2,0,0,0,0,0,0,0,0,0,0,0,0,0,0,0,0,1.6778,0
H2AFR,4.4219,2.8508,3.8412,3.6668,2.1622,2.173,1.1894,0,0,2.1564,0,1.1161,0,0,0,1.9044,0,0
Hadh,0,0,0.96029,0,0,1.0865,0,0,0.99827,0,0,0,0.97486,1.6714,1.8605,0.9522,1.6778,0.80178
Hadha,0,2.8508,2.8809,0,1.0811,2.173,3.5681,4.5046,1.9965,0,4.8096,4.4644,7.7989,8.3568,12.094,8.5698,10.906,9.6214
Hadhb,0,1.9006,1.9206,1.2223,1.0811,3.2595,0,2.7028,2.9948,3.2347,1.9238,3.3483,2.9246,4.1784,5.5816,2.8566,5.8723,3.2071
Hagh,0,1.9006,0.96029,0,1.0811,1.0865,0,0,0,0,0,0,0.97486,0.83568,0.93027,0.9522,0.8389,0
Hba1,5.8959,9.5028,8.6426,7.3336,8.6488,8.6921,4.7574,7.2074,5.9896,7.5475,6.7335,4.4644,4.8743,5.0141,2.7908,8.5698,4.1945,3.2071
Hbb,17.688,11.403,9.6029,11,12.973,14.125,14.272,10.811,5.9896,12.939,9.6192,8.9288,7.7989,9.1924,8.3724,8.5698,7.5501,8.8196
Hbb-b2,13.266,7.6023,6.722,7.3336,8.6488,10.865,10.704,5.4055,2.9948,5.3911,4.8096,3.3483,4.8743,6.6854,5.5816,6.6654,5.8723,6.4143
Hcn2,0,0,0,0,0,0,0,0,0,0,1.9238,0,0,0,0,0,0,0
Hdhd2,0,0.95028,0.96029,1.2223,0,1.0865,0,0,0,0,0,0,0.97486,0.83568,0.93027,1.9044,0.8389,0.80178
HES1,1.474,1.9006,0.96029,1.2223,1.0811,1.0865,0,0,0,0,0,1.1161,0.97486,1.6714,0,2.8566,2.5167,1.6036
Hibadh,0,0,0.96029,0,0,2.173,0,0,0,3.2347,0,0,1.9497,1.6714,1.8605,0,1.6778,1.6036
Hist1h4b,5.8959,1.9006,1.9206,4.889,5.4055,3.2595,1.1894,0,0.99827,1.0782,0.96192,1.1161,0,0,0,0,0,0
Hivep2,0,0,0,0,0,0,1.1894,0,1.9965,0,0,0,0,0,0,0,0,0
Hk1,7.3699,11.403,12.484,12.223,15.135,14.125,5.9468,11.712,4.9913,4.3129,7.6954,6.6966,16.573,16.714,15.815,20.948,18.456,18.441
Hnrnpa1,0,0.95028,0.96029,0,1.0811,2.173,0,0,0,0,0,0,0,0,0,0,0,0
Hnrnpa2b1,1.474,2.8508,2.8809,3.6668,2.1622,3.2595,0,2.7028,0,0,0.96192,0,0,0,0,0,0.8389,0
Hnrnpa3,0,2.8508,2.8809,1.2223,3.2433,2.173,0,0,0,0,0,0,0,0,0,0,0,0
Hnrnpd,2.948,0.95028,1.9206,3.6668,3.2433,2.173,0,0,0,0,0,0,0,0.83568,0.93027,0.9522,0.8389,0.80178
Hnrnph1,0,0,1.9206,0,1.0811,1.0865,0,0,0.99827,0,0,1.1161,0,0,0,0,0,0
Hnrnpk,4.4219,4.7514,6.722,7.3336,6.4866,7.6055,2.3787,0,1.9965,3.2347,0.96192,0,3.8994,3.3427,3.7211,3.8088,2.5167,1.6036
Homer1,0,0.95028,0,0,1.0811,2.173,0,3.6037,3.9931,0,6.7335,5.5805,0,0,0,0,0,0
Hpca,4.4219,2.8508,3.8412,3.6668,2.1622,3.2595,4.7574,4.5046,3.9931,6.4693,3.8477,5.5805,2.9246,2.507,3.7211,2.8566,3.3556,1.6036
Hpcal4,1.474,1.9006,1.9206,2.4445,2.1622,3.2595,5.9468,2.7028,5.9896,5.3911,4.8096,5.5805,3.8994,1.6714,1.8605,2.8566,2.5167,2.4054
Hprt1,2.948,0.95028,0,0,2.1622,0,1.1894,0.90092,0,2.1564,0,2.2322,0.97486,1.6714,0.93027,0.9522,0.8389,0.80178
Hras1,0,0,0.96029,1.2223,2.1622,1.0865,1.1894,1.8018,0.99827,1.0782,0.96192,0,0.97486,0.83568,1.8605,1.9044,0.8389,0
Hsd11b1,0,0,0,0,0,0,0,2.7028,0,1.0782,0.96192,1.1161,0,0,0,0,0,0
Hsd17b10,1.474,2.8508,2.8809,3.6668,3.2433,1.0865,0,1.8018,0.99827,0,0,0,1.9497,2.507,1.8605,3.8088,2.5167,1.6036
Hsp90aa1,17.688,14.254,13.444,12.223,18.379,10.865,7.1361,11.712,10.981,11.86,8.6573,10.045,17.547,19.221,17.675,12.379,12.583,16.036
Hsp90ab1,11.792,13.304,11.523,12.223,14.054,11.952,7.1361,10.811,9.9827,10.782,8.6573,10.045,14.623,15.042,9.3027,11.426,15.1,13.63
Hsp90b1,0,3.8011,2.8809,1.2223,1.0811,1.0865,1.1894,3.6037,0.99827,1.0782,0,1.1161,8.7737,8.3568,9.3027,8.5698,5.8723,6.4143
Hspa4,2.948,3.8011,3.8412,2.4445,4.3244,3.2595,3.5681,6.3064,2.9948,5.3911,5.7715,1.1161,3.8994,3.3427,5.5816,3.8088,5.0334,4.0089
Hspa5,7.3699,6.652,7.6823,9.7781,5.4055,4.346,13.083,8.1083,10.981,7.5475,9.6192,10.045,10.723,7.5211,9.3027,8.5698,11.745,10.423
Hspa8,33.902,24.707,24.968,37.89,29.19,23.903,29.734,28.829,29.948,26.955,28.858,25.67,22.422,24.235,19.536,19.996,23.489,21.648
Hspa9,2.948,3.8011,3.8412,6.1113,3.2433,6.519,4.7574,7.2074,5.9896,11.86,10.581,4.4644,9.7486,5.8497,5.5816,8.5698,2.5167,5.6125
Hspd1,19.162,18.055,21.126,17.112,18.379,16.298,28.544,21.622,28.95,30.19,30.782,25.67,30.221,25.906,26.978,26.662,20.972,20.846
Hspe1,1.474,2.8508,2.8809,3.6668,4.3244,2.173,1.1894,0.90092,1.9965,1.0782,0,3.3483,4.8743,2.507,3.7211,3.8088,2.5167,2.4054
Hsph1,2.948,1.9006,0.96029,3.6668,1.0811,2.173,2.3787,1.8018,0,0,0,0,2.9246,2.507,0.93027,1.9044,4.1945,2.4054
Hyou1,0,0,0,0,0,0,0,0,0,0,0,0,0,3.3427,1.8605,1.9044,1.6778,4.0089
Idh1,0,1.9006,1.9206,0,1.0811,1.0865,0,0,0,0,0,0,0,0.83568,0,1.9044,0.8389,0.80178
Idh2,0,0.95028,2.8809,1.2223,1.0811,2.173,0,0.90092,1.9965,0,0,0,3.8994,1.6714,4.6514,2.8566,2.5167,1.6036
Idh3a,10.318,11.403,9.6029,7.3336,14.054,5.4325,17.84,16.217,15.972,20.486,13.467,15.625,17.547,10.864,11.163,12.379,9.2279,10.423
Idh3B,7.3699,8.5525,6.722,8.5558,8.6488,4.346,5.9468,3.6037,3.9931,7.5475,5.7715,4.4644,9.7486,9.1924,10.233,10.474,7.5501,9.6214
Idh3g,1.474,0.95028,0.96029,1.2223,2.1622,0,0,1.8018,0.99827,1.0782,0.96192,0,3.8994,2.507,4.6514,4.761,3.3556,4.8107
Il6r,0,0,0,0,0,0,0,0,0,0,0,0,0,0,0,0,0,1.6036
Immt,1.474,1.9006,0.96029,1.2223,2.1622,2.173,1.1894,9.0092,8.9844,2.1564,7.6954,4.4644,0,1.6714,0.93027,0,0,1.6036
Impa1,0,0.95028,0,2.4445,2.1622,1.0865,2.3787,0,0,5.3911,0,0,0,0.83568,0,0,0.8389,0
Impact,1.474,0.95028,0.96029,1.2223,0,1.0865,2.3787,1.8018,0,0,0,0,1.9497,0.83568,1.8605,1.9044,0.8389,2.4054
Ina,8.8439,12.354,14.404,11,4.3244,11.952,0,3.6037,0,0,0,0,0,0,0,0,0,0
Itpa,0,0,1.9206,1.2223,1.0811,0,0,0,0,1.0782,0,0,1.9497,0,0.93027,0.9522,0.8389,0
Itpka,0,0,0,0,0,0,0,0.90092,0.99827,2.1564,0.96192,0,0,0,0,0,0,0
Itpr1,0,0,0,0,0,0,0,0,0,0,0,0,0,0,0.93027,0,0.8389,1.6036
Ivd,0,0,0,1.2223,1.0811,0,2.3787,1.8018,1.9965,2.1564,0,2.2322,0.97486,0,0,0.9522,0,0.80178
Kalrn,0,0,0,0,0,0,0,0.90092,0,0,0,0,0,0.83568,0,0,0.8389,0
Kansl3,1.474,0,0,0,0,1.0865,0,0,0,0,0,0,0,0,0,0,1.6778,0.80178
Kcna1,0,0,0,0,0,0,0,0,0,0,0,0,0,0,0,0.9522,0.8389,0
Kcnab2,0,2.8508,0.96029,0,1.0811,1.0865,1.1894,0,1.9965,1.0782,2.8858,0,1.9497,0.83568,0.93027,0.9522,0.8389,1.6036
Kcnma1,1.474,0.95028,0.96029,1.2223,0,2.173,0,1.8018,0,0,0,0,0,0,0,0,0,0.80178
KIAA1598,0,0,0,0,0,0,0,0,0,0,0,0,1.9497,0,0,0,0,0.80178
Kidins220,0,0,0,0,0,0,1.1894,0,0.99827,0,0,1.1161,0,0,0,0,0.8389,0
Kif2a,0,0,0,0,0,0,0,0.90092,1.9965,0,0.96192,0,0,0.83568,0.93027,0,0.8389,0.80178
Kif5b,0,0,0,0,0,1.0865,0,0,0,0,0,0,0,0,0.93027,0,1.6778,1.6036
Klc1,0,0,0.96029,1.2223,1.0811,0,0,0.90092,0,0,0,1.1161,0.97486,2.507,0,0.9522,0.8389,2.4054
Kpnb1,2.948,3.8011,1.9206,1.2223,1.0811,4.346,0,0.90092,3.9931,2.1564,3.8477,2.2322,4.8743,3.3427,3.7211,3.8088,1.6778,1.6036
Krt1,2.948,0,0,1.2223,1.0811,1.0865,2.3787,1.8018,4.9913,3.2347,4.8096,4.4644,0,0,0,0.9522,0,0
Krt10,1.474,0,0,0,0,0,4.7574,3.6037,5.9896,3.2347,9.6192,5.5805,0,2.507,0.93027,0,0,0
Krt73,1.474,0,0,1.2223,1.0811,1.0865,3.5681,1.8018,2.9948,3.2347,2.8858,3.3483,0,0,0,0.9522,0,0
L1cam,0,1.9006,1.9206,0,0,0,0,0,3.9931,0,1.9238,1.1161,0.97486,2.507,2.7908,1.9044,0.8389,2.4054
Lancl1,0,1.9006,1.9206,2.4445,2.1622,3.2595,1.1894,2.7028,0,1.0782,1.9238,2.2322,1.9497,0.83568,0.93027,1.9044,0,0.80178
Lap3,0,0,0,0,0,1.0865,0,0,0,1.0782,0,1.1161,0.97486,0.83568,0.93027,0.9522,1.6778,0.80178
Lasp1,0,1.9006,0.96029,0,0,1.0865,0,1.8018,0,0,0,0,1.9497,0.83568,0.93027,0.9522,0.8389,0.80178
Ldha,5.8959,8.5525,5.7617,11,8.6488,5.4325,7.1361,5.4055,2.9948,7.5475,5.7715,5.5805,6.824,5.8497,6.5119,6.6654,10.067,7.2161
Ldhb,5.8959,7.6023,5.7617,11,6.4866,5.4325,8.3255,6.3064,3.9931,6.4693,6.7335,7.8127,5.8492,5.8497,9.3027,7.6176,7.5501,6.4143
Letm1,1.474,0.95028,1.9206,2.4445,1.0811,0,4.7574,1.8018,4.9913,7.5475,3.8477,5.5805,4.8743,2.507,3.7211,4.761,2.5167,2.4054
Letm2,0,1.9006,0,0,0,0,0,0,0,0,0,0,0.97486,0.83568,0,0,0,0
Lgi1,0,1.9006,1.9206,3.6668,2.1622,3.2595,1.1894,6.3064,1.9965,0,4.8096,3.3483,4.8743,3.3427,3.7211,2.8566,1.6778,3.2071
Lin7c,2.948,0,0,0,1.0811,1.0865,0,0,0.99827,1.0782,0.96192,0,0.97486,0,0,0,0,0
Lonp1,0,0.95028,0.96029,0,1.0811,0,0,0,0,0,0,0,2.9246,1.6714,4.6514,2.8566,2.5167,4.0089
Lrpprc,0,0,0,0,0,0,0,0.90092,0.99827,0,1.9238,1.1161,3.8994,5.8497,3.7211,4.761,5.8723,4.0089
Lsamp,0,0,0,0,0,0,1.1894,3.6037,2.9948,2.1564,2.8858,1.1161,0,0,0,0,0,0
Macf1,0,0,0,0,0,0,0,0.90092,0,0,0.96192,1.1161,0,0.83568,0.93027,0,0,0
Mag,2.948,0,0.96029,0,0,2.173,2.3787,0,1.9965,1.0782,1.9238,1.1161,0.97486,0.83568,0.93027,0,1.6778,1.6036
Maoa,1.474,0,1.9206,0,0,1.0865,0,2.7028,0,1.0782,0,1.1161,0,0,0,0,0,0.80178
Maob,0,0,0.96029,1.2223,0,0,2.3787,0.90092,0,3.2347,1.9238,1.1161,0,0,0.93027,0,0,0
Map1a,0,2.8508,5.7617,0,1.0811,6.519,3.5681,1.8018,0.99827,1.0782,0,1.1161,1.9497,12.535,2.7908,4.761,6.7112,8.0178
Map1b,0,3.8011,6.722,2.4445,1.0811,6.519,3.5681,2.7028,0.99827,1.0782,0,1.1161,3.8994,11.699,3.7211,5.7132,6.7112,8.8196
Map2,2.948,12.354,15.365,3.6668,9.7299,11.952,1.1894,4.5046,4.9913,1.0782,0,0,9.7486,20.892,13.954,16.187,18.456,21.648
Map2k1,0,1.9006,0.96029,0,1.0811,1.0865,0,0.90092,0,0,0,0,0.97486,0.83568,1.8605,1.9044,1.6778,0.80178
Map4,0,0,0.96029,0,0,0,0,0,0,0,0,0,0,0.83568,0,0,0,1.6036
Map6,1.474,3.8011,3.8412,4.889,1.0811,4.346,0,0.90092,0.99827,0,0,1.1161,2.9246,1.6714,1.8605,1.9044,0.8389,2.4054
Mapk1,2.948,4.7514,4.8014,6.1113,4.3244,3.2595,5.9468,2.7028,1.9965,5.3911,1.9238,1.1161,4.8743,5.0141,2.7908,3.8088,1.6778,3.2071
Mapk10,0,0.95028,0.96029,1.2223,1.0811,0,0,2.7028,0,1.0782,0,1.1161,0.97486,0.83568,1.8605,0.9522,0.8389,0.80178
Mapre2,0,0.95028,0.96029,0,0,0,0,0,0,0,0,0,0.97486,1.6714,0,0.9522,0,3.2071
Mapre3,2.948,0.95028,1.9206,1.2223,2.1622,2.173,0,1.8018,0,2.1564,0,0,1.9497,0,0.93027,0.9522,0,0
Mapt,2.948,5.7017,5.7617,6.1113,4.3244,4.346,4.7574,0,0.99827,3.2347,0.96192,3.3483,4.8743,3.3427,3.7211,2.8566,0,1.6036
Marcks,0,0,0.96029,1.2223,0,2.173,0,3.6037,0,0,1.9238,1.1161,0.97486,0.83568,2.7908,1.9044,1.6778,0.80178
Mark3,0,0.95028,0,0,0,0,0,0,0,0,0,0,0,0,0,0,0,0
Matr3,2.948,2.8508,5.7617,2.4445,2.1622,5.4325,0,0,0,0,0,0,1.9497,0.83568,0,1.9044,0.8389,0
Mbp,16.214,7.6023,11.523,12.223,8.6488,9.7786,16.651,5.4055,8.9844,16.173,7.6954,8.9288,8.7737,4.1784,4.6514,9.522,2.5167,4.0089
Mccc1,2.948,1.9006,0.96029,1.2223,1.0811,1.0865,0,0,0,0,0,0,0.97486,0.83568,0,0.9522,0,0
Mdh1,8.8439,7.6023,5.7617,8.5558,6.4866,5.4325,7.1361,2.7028,4.9913,5.3911,0.96192,4.4644,4.8743,6.6854,5.5816,5.7132,8.389,8.0178
Mdh2,20.636,13.304,9.6029,11,12.973,16.298,22.598,14.415,16.971,14.017,12.505,24.554,13.648,9.1924,9.3027,8.5698,10.067,9.6214
Mecp2,0,0,0,0,0,0,0,0,0,0,0,0,0,1.6714,0,0,0,0
Mink1,0,0,0,0,0,1.0865,0,0,0,0,0,0,0,0,0,0,0.8389,0
Mog,4.4219,0.95028,1.9206,1.2223,2.1622,1.0865,4.7574,5.4055,0,2.1564,1.9238,1.1161,1.9497,2.507,1.8605,0.9522,0.8389,1.6036
Mpc2,0,0.95028,0,0,0,0,0,0,0,0,0,1.1161,0,0,0,0,0.8389,0.80178
Mpst,0,0.95028,0.96029,1.2223,0,0,0,0,0,0,0,0,0.97486,0.83568,1.8605,0.9522,0.8389,0.80178
Mt-atp8,0,1.9006,2.8809,1.2223,2.1622,2.173,4.7574,1.8018,1.9965,2.1564,2.8858,2.2322,2.9246,2.507,2.7908,2.8566,1.6778,2.4054
Mtco2,5.8959,4.7514,3.8412,3.6668,3.2433,1.0865,3.5681,1.8018,2.9948,4.3129,3.8477,3.3483,0,1.6714,2.7908,1.9044,2.5167,2.4054
Mtnd4,0,0,0,0,0,0,0,4.5046,5.9896,0,4.8096,0,0,0.83568,0.93027,0,0,1.6036
Myh10,0,4.7514,3.8412,0,0,4.346,0,9.0092,0.99827,0,0.96192,2.2322,0,0.83568,0,0,2.5167,4.8107
Myl12b,0,0,0,0,0,0,1.1894,0,0.99827,3.2347,0.96192,2.2322,0,0,0,0,0,0
Myl6,0,1.9006,0.96029,2.4445,0,1.0865,1.1894,0.90092,0.99827,1.0782,0.96192,2.2322,0,0,0,0,0,0
Myo5a,0,2.8508,1.9206,0,1.0811,2.173,1.1894,7.2074,4.9913,0,1.9238,0,0,0,0,0,0,0
Myo9b,0,0.95028,0,0,0,0,0,0,0,0,0,0,0,0.83568,0.93027,0.9522,0,0
Nap1l1,0,0,0,0,0,1.0865,2.3787,0,0.99827,1.0782,0,0,0.97486,0,0,0,0,1.6036
Napa,5.8959,4.7514,4.8014,2.4445,2.1622,1.0865,8.3255,1.8018,7.9861,7.5475,3.8477,4.4644,0.97486,1.6714,0.93027,3.8088,2.5167,1.6036
Napb,5.8959,6.652,3.8412,4.889,2.1622,2.173,10.704,9.9101,12.977,16.173,6.7335,11.161,1.9497,3.3427,2.7908,4.761,4.1945,3.2071
Ncam1,4.4219,7.6023,7.6823,4.889,4.3244,5.4325,7.1361,8.1083,13.976,8.6258,7.6954,10.045,11.698,13.371,9.3027,13.331,14.261,12.829
Ncdn,2.948,6.652,6.722,3.6668,7.5677,4.346,9.5148,6.3064,3.9931,8.6258,5.7715,1.1161,7.7989,5.8497,6.5119,5.7132,9.2279,5.6125
Nceh1,0,0,1.9206,0,0,0,0,0,0,0,0,0,1.9497,2.507,1.8605,1.9044,1.6778,2.4054
Nckap1,0,1.9006,1.9206,0,1.0811,0,0,2.7028,0,0,0.96192,1.1161,0.97486,6.6854,4.6514,1.9044,5.0334,4.8107
Ncl,0,0,0,0,2.1622,1.0865,0,0,0,0,0,0,0,0,0.93027,0,0,0
Ncs1,0,1.9006,2.8809,1.2223,0,2.173,2.3787,0,2.9948,2.1564,0,2.2322,0.97486,0.83568,0,0.9522,0.8389,0
Ndrg2,1.474,1.9006,4.8014,3.6668,2.1622,4.346,2.3787,2.7028,2.9948,4.3129,0,2.2322,3.8994,4.1784,2.7908,4.761,3.3556,3.2071
Ndrg4,0,0,1.9206,0,0,0,0,0,0,1.0782,0,0,0,0.83568,0.93027,0.9522,0.8389,0.80178
Ndufa10,4.4219,0.95028,0.96029,1.2223,1.0811,3.2595,4.7574,6.3064,4.9913,5.3911,9.6192,5.5805,0.97486,2.507,0.93027,0.9522,0.8389,3.2071
Ndufa11,1.474,1.9006,0.96029,1.2223,1.0811,0,0,1.8018,3.9931,0,3.8477,0,0,0,0.93027,1.9044,2.5167,1.6036
Ndufa5,0,0.95028,0.96029,1.2223,1.0811,1.0865,2.3787,3.6037,2.9948,1.0782,3.8477,3.3483,1.9497,0,0.93027,0.9522,0.8389,0.80178
Ndufa9,4.4219,7.6023,8.6426,7.3336,5.4055,5.4325,4.7574,9.9101,12.977,12.939,11.543,13.393,5.8492,4.1784,7.4422,2.8566,5.0334,4.8107
Ndufs1,16.214,10.453,13.444,17.112,12.973,8.6921,19.03,19.82,18.967,18.33,19.238,17.858,6.824,5.0141,12.094,7.6176,8.389,8.0178
Ndufs2,0,1.9006,2.8809,2.4445,2.1622,2.173,13.083,11.712,12.977,11.86,12.505,11.161,2.9246,0,1.8605,0.9522,0.8389,0.80178
Ndufs4,1.474,0.95028,1.9206,2.4445,0,1.0865,3.5681,0.90092,0,2.1564,2.8858,1.1161,0.97486,0,0.93027,0.9522,0,0
Ndufv2,4.4219,2.8508,0.96029,2.4445,5.4055,3.2595,2.3787,1.8018,5.9896,6.4693,4.8096,4.4644,1.9497,1.6714,0.93027,0.9522,0.8389,1.6036
Necap1,0,0.95028,0.96029,2.4445,1.0811,2.173,0,0,0,0,0,0,2.9246,1.6714,2.7908,2.8566,1.6778,2.4054
Nefl,7.3699,5.7017,11.523,8.5558,3.2433,5.4325,0,0,0.99827,0,0,0,0,0,0,0,0,0
Nefm,1.474,1.9006,3.8412,0,0,2.173,0,0.90092,0,1.0782,0,0,0,0,0,0,0,0
Negr1,2.948,1.9006,1.9206,2.4445,2.1622,2.173,2.3787,2.7028,0.99827,1.0782,0,2.2322,0,0,0,0,0,0
Nf1,0,0,0,0,0,0,0,0,1.9965,0,0.96192,1.1161,0,1.6714,0,0,2.5167,0.80178
Nfasc,0,0.95028,0.96029,0,0,0,1.1894,0.90092,0.99827,0,0.96192,1.1161,1.9497,6.6854,2.7908,3.8088,7.5501,5.6125
Ngef,0,1.9006,0.96029,1.2223,0,0,0,0,0.99827,0,1.9238,1.1161,0.97486,0.83568,0.93027,0,0.8389,0.80178
Nkx2-1,0,0,0,0,0,0,0,0,0,0,0,0,0,0,0,0,0,0
Nlgn2,0,0.95028,0,0,0,1.0865,0,0.90092,0,0,0,0,0,0.83568,0.93027,0.9522,0.8389,0.80178
Nlgn3,0,0.95028,0,0,0,1.0865,0,0.90092,0,0,0,0,0.97486,0.83568,1.8605,1.9044,1.6778,1.6036
Nme1,5.8959,2.8508,2.8809,3.6668,4.3244,3.2595,2.3787,0.90092,1.9965,1.0782,1.9238,1.1161,4.8743,0.83568,4.6514,6.6654,2.5167,0.80178
Nme2,2.948,3.8011,1.9206,2.4445,2.1622,3.2595,2.3787,0.90092,2.9948,2.1564,2.8858,2.2322,4.8743,0,3.7211,4.761,1.6778,0
Nptn,1.474,0,0.96029,1.2223,0,0,2.3787,3.6037,2.9948,4.3129,2.8858,3.3483,2.9246,3.3427,0.93027,0.9522,3.3556,2.4054
Nrcam,0,0,0.96029,1.2223,0,1.0865,0,0,0,0,0,2.2322,0,0.83568,0,0,0,2.4054
Nrxn1,0,0,0.96029,0,0,0,0,0,0,0,0,0,0,0,0.93027,0,1.6778,0.80178
Nsf,16.214,11.403,15.365,9.7781,11.892,10.865,16.651,20.721,20.964,11.86,13.467,14.509,17.547,15.042,19.536,15.235,20.134,20.045
Ntm,0,0,0,1.2223,1.0811,1.0865,4.7574,5.4055,3.9931,4.3129,6.7335,5.5805,0,0,0,0,0,0
Ntrk2,0,0,0,0,0,0,0,0,0,0,0,0,0,1.6714,0,0,1.6778,0.80178
Nudc,0,0.95028,2.8809,1.2223,0,1.0865,0,0,0,0,0.96192,0,0,0,0,0.9522,0,0
Nup155,0,0,0,0,0,0,0,0,0,0,0,0,0,0.83568,0,0,0,0
Oat,0,0.95028,0.96029,1.2223,1.0811,1.0865,0,0,0,2.1564,0.96192,2.2322,3.8994,1.6714,1.8605,0.9522,1.6778,1.6036
Ogdh,4.4219,1.9006,6.722,1.2223,4.3244,1.0865,2.3787,8.1083,10.981,5.3911,7.6954,4.4644,5.8492,9.1924,13.024,7.6176,8.389,12.829
Ogt,0,0,0,0,0,0,0,1.8018,0.99827,1.0782,1.9238,0,0,0.83568,0,0,0.8389,0.80178
Ola1,1.474,0.95028,2.8809,1.2223,1.0811,1.0865,0,1.8018,1.9965,2.1564,1.9238,2.2322,1.9497,0.83568,1.8605,1.9044,1.6778,2.4054
Opa1,0,0.95028,0.96029,1.2223,2.1622,1.0865,2.3787,2.7028,8.9844,4.3129,4.8096,3.3483,6.824,4.1784,2.7908,2.8566,5.0334,3.2071
Opcml,1.474,3.8011,2.8809,2.4445,1.0811,2.173,2.3787,3.6037,3.9931,3.2347,4.8096,7.8127,0.97486,0.83568,0,0,0,0.80178
Otub1,2.948,4.7514,1.9206,3.6668,2.1622,3.2595,0,0,1.9965,0,0,1.1161,1.9497,0.83568,1.8605,2.8566,1.6778,0.80178
Oxct1,1.474,6.652,6.722,6.1113,8.6488,4.346,5.9468,6.3064,4.9913,6.4693,5.7715,8.9288,6.824,8.3568,11.163,6.6654,8.389,7.2161
Oxr1,0,0.95028,0.96029,0,0,2.173,1.1894,0,1.9965,1.0782,0.96192,1.1161,2.9246,2.507,1.8605,1.9044,1.6778,1.6036
P4hb,1.474,1.9006,0.96029,2.4445,2.1622,1.0865,2.3787,1.8018,1.9965,2.1564,0,0,0.97486,0.83568,1.8605,2.8566,0.8389,0.80178
Pabpc1,0,0,0,0,1.0811,1.0865,0,0,0,0,0,0,0,1.6714,3.7211,0,0,0.80178
Pacs1,0,0,0,0,0,0,0,0,0,0,0,1.1161,0,0.83568,0.93027,0,1.6778,0.80178
Pacsin1,10.318,6.652,6.722,7.3336,7.5677,4.346,13.083,5.4055,8.9844,12.939,7.6954,7.8127,6.824,5.0141,7.4422,6.6654,4.1945,4.8107
Pafah1b1,0,0.95028,0,1.2223,0,0,0,0,0,0,0,0,0.97486,1.6714,1.8605,0.9522,0.8389,2.4054
Pafah1b2,1.474,0.95028,0.96029,1.2223,1.0811,1.0865,0,0,0,0,0,0,0.97486,0.83568,1.8605,1.9044,0.8389,2.4054
Pak1,0,0,0.96029,0,1.0811,1.0865,0,0,0,0,0,0,1.9497,0.83568,0.93027,0,0.8389,0
Palm,0,0,0.96029,1.2223,1.0811,1.0865,0,1.8018,2.9948,2.1564,5.7715,1.1161,0,1.6714,2.7908,0.9522,0,3.2071
Park7,4.4219,3.8011,2.8809,3.6668,4.3244,3.2595,1.1894,1.8018,0,0,0,0,2.9246,5.0141,2.7908,1.9044,2.5167,4.0089
Pc,0,0,0,0,1.0811,0,1.1894,1.8018,0.99827,0,1.9238,1.1161,2.9246,10.028,5.5816,5.7132,6.7112,8.0178
Pclo,0,0,0.96029,0,0,0,0,2.7028,2.9948,0,0.96192,0,0,0.83568,0.93027,0,0,0
Pcmt1,1.474,1.9006,0.96029,0,2.1622,1.0865,0,0,2.9948,7.5475,2.8858,3.3483,0.97486,0,2.7908,0.9522,0.8389,0.80178
Pcyox1,0,0.95028,0.96029,1.2223,1.0811,1.0865,2.3787,0.90092,0,3.2347,0.96192,4.4644,0.97486,1.6714,1.8605,1.9044,1.6778,2.4054
Pdcd6ip,0,0,0,0,0,0,0,0,0,0,0,0,0.97486,1.6714,0.93027,0.9522,1.6778,0.80178
Pde2a,0,0,1.9206,2.4445,2.1622,2.173,1.1894,0.90092,2.9948,0,1.9238,0,7.7989,5.8497,6.5119,5.7132,5.0334,5.6125
Pdha1,4.4219,4.7514,4.8014,2.4445,4.3244,3.2595,5.9468,4.5046,9.9827,8.6258,1.9238,8.9288,6.824,6.6854,4.6514,5.7132,2.5167,4.8107
Pdhb,4.4219,4.7514,5.7617,4.889,4.3244,3.2595,19.03,6.3064,14.974,14.017,12.505,11.161,4.8743,3.3427,4.6514,2.8566,6.7112,7.2161
Pdia3,4.4219,5.7017,2.8809,6.1113,3.2433,4.346,7.1361,2.7028,5.9896,7.5475,4.8096,3.3483,4.8743,3.3427,3.7211,4.761,1.6778,4.0089
Pdia6,2.948,1.9006,2.8809,2.4445,2.1622,4.346,7.1361,3.6037,5.9896,4.3129,4.8096,5.5805,3.8994,2.507,5.5816,4.761,4.1945,4.0089
Pds5a,0,0,0,0,0,0,0,0,0,2.1564,0,0,0,0,0,0,0,0.80178
Pdxk,0,0.95028,1.9206,0,0,1.0865,0,0,0,0,0,0,0,0,0,0,0,0
Pdxp,1.474,3.8011,0.96029,2.4445,1.0811,1.0865,0,0,0,0,0,0,1.9497,0.83568,0.93027,0.9522,1.6778,0
Pdzd2,0,0,0,0,0,1.0865,0,0,0.99827,2.1564,0,1.1161,0,0,0,0,0,0
Pea15,1.474,1.9006,0.96029,0,2.1622,2.173,1.1894,0.90092,0,1.0782,0,1.1161,1.9497,0,0,1.9044,0.8389,0.80178
Pebp1,5.8959,3.8011,4.8014,8.5558,5.4055,5.4325,5.9468,2.7028,6.9879,3.2347,5.7715,7.8127,2.9246,2.507,1.8605,1.9044,0.8389,0
Pfdn2,1.474,0.95028,0,0,1.0811,2.173,0,0,0,0,0,0,0.97486,1.6714,0.93027,2.8566,0.8389,0.80178
Pfkl,1.474,2.8508,1.9206,2.4445,4.3244,2.173,4.7574,3.6037,0.99827,2.1564,2.8858,1.1161,1.9497,3.3427,1.8605,3.8088,4.1945,4.8107
Pfkm,1.474,1.9006,2.8809,2.4445,3.2433,2.173,1.1894,1.8018,3.9931,1.0782,0.96192,0,4.8743,7.5211,5.5816,7.6176,6.7112,5.6125
Pfkp,14.74,12.354,10.563,13.445,15.135,11.952,5.9468,8.1083,0.99827,3.2347,4.8096,1.1161,10.723,11.699,13.954,13.331,14.261,13.63
Pfn1,2.948,2.8508,1.9206,1.2223,5.4055,1.0865,1.1894,0.90092,3.9931,1.0782,4.8096,2.2322,1.9497,2.507,1.8605,1.9044,0.8389,1.6036
Pfn2,2.948,0,0.96029,2.4445,1.0811,2.173,4.7574,0.90092,2.9948,3.2347,2.8858,3.3483,0.97486,0,0,0,0,0
Pgam1,4.4219,11.403,7.6823,7.3336,6.4866,9.7786,8.3255,2.7028,0.99827,4.3129,0.96192,3.3483,8.7737,5.0141,4.6514,6.6654,5.0334,4.0089
Pgap1,0,0,0,0,0,1.0865,0,0,0,0,0,0,0,1.6714,0,0,0.8389,0
Pgk1,17.688,13.304,17.285,14.667,15.135,9.7786,8.3255,4.5046,3.9931,6.4693,7.6954,7.8127,18.522,6.6854,8.3724,12.379,6.7112,7.2161
Pgm1,1.474,0.95028,2.8809,2.4445,1.0811,1.0865,1.1894,0,1.9965,0,0,0,0.97486,0.83568,0.93027,1.9044,1.6778,1.6036
Phb,5.8959,5.7017,2.8809,7.3336,6.4866,5.4325,14.272,9.0092,9.9827,16.173,10.581,13.393,5.8492,0.83568,1.8605,2.8566,4.1945,2.4054
Phb2,2.948,6.652,3.8412,6.1113,6.4866,5.4325,4.7574,9.0092,8.9844,5.3911,5.7715,12.277,3.8994,5.0141,4.6514,4.761,4.1945,3.2071
Phgdh,1.474,0.95028,0.96029,1.2223,2.1622,3.2595,2.3787,0.90092,0,4.3129,0,1.1161,2.9246,0.83568,0.93027,1.9044,0.8389,0.80178
Phyhip,0,0.95028,0.96029,0,0,1.0865,0,0.90092,0,0,0,0,0,0.83568,0,0,1.6778,0.80178
Pik3cb,0,0,0,0,0,0,1.1894,1.8018,0,0,0,0,0,0,0,0,0,0
Pip5k1c,0,0.95028,0,1.2223,0,0,0,0,0,0,0,1.1161,0.97486,0,0,0.9522,0,1.6036
Pitpna,0,0.95028,0.96029,2.4445,2.1622,1.0865,2.3787,0.90092,0,4.3129,0,1.1161,0.97486,0.83568,0.93027,0.9522,0.8389,0.80178
Pkm,28.006,29.459,23.047,25.667,23.784,26.076,30.923,17.118,19.965,25.877,19.238,17.858,21.447,22.563,18.605,19.044,21.811,24.054
Plcb1,0,1.9006,2.8809,2.4445,2.1622,2.173,0,5.4055,2.9948,0,0,3.3483,0.97486,11.699,5.5816,2.8566,9.2279,16.036
Pld3,0,0,0,0,0,0,0,0.90092,0,0,0,0,0,1.6714,0.93027,0.9522,1.6778,0.80178
Plec,0,0,1.9206,0,0,1.0865,1.1894,1.8018,0,0,0,1.1161,0,0,0,0,0,0
Plp1,11.792,4.7514,6.722,8.5558,8.6488,7.6055,8.3255,8.1083,6.9879,4.3129,6.7335,7.8127,4.8743,5.0141,3.7211,3.8088,6.7112,4.8107
Pnp,0,0,1.9206,0,2.1622,1.0865,1.1894,0,0,0,0,0,1.9497,0.83568,0.93027,0,1.6778,2.4054
Ppfia3,0,0,0,0,0,1.0865,0,0,0,0,0,0,0,0,0,0.9522,0.8389,0.80178
Ppfia4,0,0,0,0,0,0,1.1894,0.90092,0,1.0782,0,1.1161,0,0,0,0,0,0
Ppia,13.266,10.453,6.722,11,15.135,8.6921,2.3787,3.6037,2.9948,5.3911,3.8477,6.6966,5.8492,5.8497,5.5816,7.6176,4.1945,5.6125
Ppib,1.474,0,0,0,0,1.0865,0,1.8018,0,2.1564,1.9238,0,0,0.83568,1.8605,0.9522,0.8389,0.80178
Ppp1ca,4.4219,5.7017,6.722,6.1113,7.5677,5.4325,4.7574,7.2074,0,1.0782,2.8858,3.3483,2.9246,1.6714,2.7908,4.761,4.1945,3.2071
Ppp1r7,1.474,0.95028,1.9206,3.6668,3.2433,2.173,5.9468,1.8018,3.9931,6.4693,0.96192,5.5805,2.9246,0.83568,1.8605,1.9044,0.8389,0.80178
Ppp1r9b,0,0,0.96029,0,0,0,1.1894,0.90092,0.99827,0,0,0,0,0,0.93027,0,0,0
Ppp2ca,4.4219,2.8508,0.96029,4.889,1.0811,2.173,7.1361,1.8018,2.9948,6.4693,3.8477,2.2322,0.97486,1.6714,2.7908,0.9522,0.8389,0
Ppp2r1b,4.4219,3.8011,1.9206,3.6668,2.1622,3.2595,2.3787,2.7028,0,3.2347,3.8477,2.2322,3.8994,3.3427,3.7211,2.8566,2.5167,4.0089
Ppp2r2a,1.474,0,1.9206,1.2223,1.0811,1.0865,1.1894,0.90092,0,1.0782,2.8858,2.2322,1.9497,1.6714,1.8605,0.9522,1.6778,1.6036
Ppp3ca,11.792,14.254,12.484,12.223,11.892,15.211,7.1361,7.2074,6.9879,6.4693,4.8096,7.8127,14.623,7.5211,7.4422,11.426,10.067,8.8196
Ppp3cb,10.318,9.5028,8.6426,7.3336,7.5677,9.7786,7.1361,5.4055,6.9879,7.5475,5.7715,6.6966,10.723,6.6854,7.4422,7.6176,5.8723,4.8107
Ppp3r1,5.8959,4.7514,2.8809,6.1113,0,3.2595,4.7574,1.8018,4.9913,4.3129,3.8477,6.6966,3.8994,0,0.93027,2.8566,0.8389,0
Ppp5c,0,1.9006,0,1.2223,0,0,0,0,0,0,0,0,0.97486,0,0,0,0,0.80178
Prdx1,2.948,1.9006,2.8809,4.889,1.0811,3.2595,2.3787,0,0.99827,1.0782,0.96192,0,2.9246,0.83568,1.8605,2.8566,1.6778,1.6036
Prdx2,7.3699,6.652,3.8412,6.1113,7.5677,6.519,2.3787,2.7028,1.9965,3.2347,0.96192,1.1161,2.9246,1.6714,1.8605,2.8566,1.6778,1.6036
Prdx3,0,0,1.9206,1.2223,2.1622,1.0865,0,0,1.9965,0,0,1.1161,1.9497,0.83568,0.93027,0.9522,2.5167,2.4054
Prdx5,5.8959,5.7017,4.8014,8.5558,7.5677,4.346,8.3255,3.6037,4.9913,4.3129,0.96192,4.4644,2.9246,3.3427,3.7211,2.8566,4.1945,4.8107
Prdx6,1.474,6.652,5.7617,6.1113,6.4866,5.4325,3.5681,1.8018,2.9948,4.3129,0,4.4644,5.8492,3.3427,5.5816,4.761,3.3556,4.0089
Prkaca,1.474,2.8508,3.8412,3.6668,2.1622,2.173,0,3.6037,2.9948,2.1564,3.8477,3.3483,2.9246,2.507,3.7211,2.8566,1.6778,3.2071
Prkacb,1.474,1.9006,2.8809,2.4445,3.2433,2.173,2.3787,3.6037,2.9948,2.1564,2.8858,3.3483,2.9246,2.507,4.6514,2.8566,1.6778,2.4054
Prkar2a,1.474,0.95028,1.9206,1.2223,1.0811,0,1.1894,2.7028,0,4.3129,0.96192,2.2322,3.8994,1.6714,2.7908,4.761,2.5167,2.4054
Prkar2b,2.948,3.8011,4.8014,3.6668,3.2433,2.173,1.1894,1.8018,1.9965,1.0782,2.8858,4.4644,4.8743,8.3568,7.4422,6.6654,6.7112,8.0178
Prkca,1.474,1.9006,0.96029,1.2223,1.0811,2.173,0,0.90092,0,0,2.8858,1.1161,0.97486,3.3427,2.7908,2.8566,3.3556,2.4054
Prkcb,1.474,4.7514,1.9206,1.2223,2.1622,3.2595,0,1.8018,0,0,1.9238,1.1161,2.9246,5.8497,3.7211,2.8566,5.0334,3.2071
Prkce,0,0.95028,0.96029,0,0,0,0,0,0,0,0,0,0.97486,0,0,0,0.8389,1.6036
Prkcg,0,0.95028,0.96029,0,2.1622,3.2595,0,0.90092,0,0,1.9238,0,0.97486,3.3427,1.8605,1.9044,1.6778,4.8107
Prps1,1.474,1.9006,1.9206,2.4445,0,1.0865,0,0,0.99827,0,0,0,1.9497,0.83568,2.7908,0.9522,0.8389,1.6036
Psma2,0,2.8508,1.9206,2.4445,3.2433,3.2595,0,2.7028,0,0,0,2.2322,0.97486,1.6714,0.93027,0.9522,1.6778,0.80178
Psma4,0,0,0,0,0,0,0,0,0,0,0,0,0,0,0.93027,0,0,0
Psma5,0,0,0.96029,0,2.1622,1.0865,0,0,0,0,0,0,0,0,0,0,0.8389,0
Psma7,0,0,0.96029,0,0,2.173,0,0,0,0,0,0,0,1.6714,0.93027,0.9522,1.6778,0.80178
Psmb6,0,0,0.96029,0,0,0,0,0,0,0,0,0,0,0,0,0,0,0
Psmc1,0,0.95028,0,0,0,1.0865,0,0,0,0,0,0,1.9497,1.6714,0.93027,0,0,0
Psmc3,0,0.95028,1.9206,0,2.1622,1.0865,0,0.90092,0,0,0.96192,0,1.9497,0,0,0.9522,0.8389,0.80178
Psmd2,0,0.95028,0.96029,0,0,0,0,0.90092,0,0,0,0,0.97486,2.507,1.8605,0,3.3556,3.2071
Ptpre,0,0,0,0,0,0,1.1894,0,0,2.1564,0,0,0,0,0,0,0,0
Ptprs,0,0,0,0,0,0,1.1894,1.8018,0,1.0782,0.96192,1.1161,0,0.83568,1.8605,0,2.5167,0
Ptprz1,0,0,0.96029,0,0,1.0865,0,0,0,1.0782,0,0,0,1.6714,0,0,0,1.6036
Pura,4.4219,4.7514,3.8412,4.889,4.3244,3.2595,2.3787,2.7028,1.9965,2.1564,1.9238,3.3483,3.8994,1.6714,2.7908,2.8566,3.3556,3.2071
Purb,0,0.95028,0.96029,1.2223,0,3.2595,0,0,0,0,0,0,0.97486,1.6714,0.93027,0,0.8389,0.80178
Pygb,10.318,8.5525,9.6029,4.889,6.4866,6.519,3.5681,4.5046,7.9861,4.3129,6.7335,6.6966,8.7737,10.864,11.163,10.474,8.389,14.432
Pygm,2.948,0.95028,1.9206,0,1.0811,3.2595,1.1894,0.90092,0.99827,1.0782,0,0,1.9497,3.3427,1.8605,2.8566,3.3556,5.6125
Qdpr,4.4219,1.9006,3.8412,6.1113,3.2433,1.0865,3.5681,0,0,2.1564,0,1.1161,3.8994,0.83568,1.8605,2.8566,0.8389,0
Rab11b,1.474,2.8508,3.8412,3.6668,1.0811,3.2595,2.3787,1.8018,5.9896,4.3129,3.8477,4.4644,2.9246,2.507,1.8605,2.8566,0,0.80178
Rab14,2.948,2.8508,2.8809,2.4445,3.2433,3.2595,8.3255,4.5046,8.9844,7.5475,5.7715,6.6966,2.9246,2.507,4.6514,2.8566,4.1945,3.2071
Rab1A,4.4219,3.8011,4.8014,4.889,4.3244,3.2595,4.7574,4.5046,3.9931,5.3911,4.8096,3.3483,4.8743,2.507,4.6514,3.8088,4.1945,3.2071
Rab21,0,0,0,0,0,0,0,1.8018,0,0,0.96192,0,0,0.83568,0,0,0.8389,1.6036
Rab2a,4.4219,2.8508,0.96029,4.889,3.2433,1.0865,4.7574,3.6037,2.9948,4.3129,1.9238,2.2322,1.9497,2.507,0.93027,0.9522,3.3556,1.6036
Rab3a,11.792,8.5525,10.563,11,8.6488,11.952,11.894,9.0092,14.974,11.86,12.505,14.509,12.673,7.5211,10.233,10.474,10.067,8.0178
Rab3b,2.948,2.8508,4.8014,4.889,3.2433,5.4325,4.7574,2.7028,6.9879,3.2347,6.7335,5.5805,3.8994,5.0141,6.5119,5.7132,6.7112,4.8107
Rab3c,2.948,2.8508,2.8809,4.889,2.1622,4.346,8.3255,4.5046,6.9879,3.2347,6.7335,2.2322,2.9246,2.507,3.7211,3.8088,3.3556,2.4054
Rab3gap2,0,0,0,0,0,0,0,0,0,0,0,0,0,0,0,0,0.8389,1.6036
Rab6a,2.948,1.9006,2.8809,1.2223,1.0811,1.0865,2.3787,1.8018,1.9965,2.1564,1.9238,2.2322,0.97486,0.83568,1.8605,0.9522,0.8389,0.80178
Rab7a,2.948,6.652,3.8412,6.1113,5.4055,4.346,1.1894,2.7028,1.9965,3.2347,2.8858,2.2322,3.8994,3.3427,2.7908,4.761,2.5167,0.80178
Rac1,1.474,1.9006,1.9206,1.2223,1.0811,3.2595,3.5681,4.5046,1.9965,2.1564,1.9238,1.1161,2.9246,4.1784,1.8605,3.8088,2.5167,2.4054
Rala,1.474,1.9006,1.9206,2.4445,2.1622,2.173,2.3787,2.7028,0.99827,2.1564,1.9238,0,2.9246,2.507,2.7908,3.8088,2.5167,1.6036
Ran,1.474,0,0,1.2223,1.0811,0,0,0,0.99827,0,1.9238,0,0.97486,2.507,2.7908,1.9044,4.1945,1.6036
Rap1b,4.4219,0.95028,0.96029,2.4445,1.0811,2.173,0,0,0,2.1564,0,0,0.97486,0.83568,0.93027,0,0.8389,1.6036
Rap2b,0,0,0,1.2223,1.0811,0,0,1.8018,0.99827,1.0782,0.96192,1.1161,0.97486,0.83568,0,0,0.8389,0.80178
Rapgef2,0,0,0,0,0,0,0,0,0,0,0,0,0,1.6714,0.93027,0,0,0
Raver1,0,0,0,0,0,0,2.3787,0.90092,0,2.1564,0.96192,1.1161,0,0,0,0,0,0
Rbm20,0,0,0,0,0,0,2.3787,0,0,1.0782,0,0,0,0,0,0,0,0
Reep6,0,0,0,0,0,0,0,0,0.99827,0,0,1.1161,0,0,0,0,1.6778,0
Rgs7,2.948,2.8508,1.9206,1.2223,0,2.173,5.9468,3.6037,3.9931,2.1564,1.9238,6.6966,2.9246,1.6714,1.8605,1.9044,2.5167,2.4054
Rhoa,1.474,2.8508,3.8412,2.4445,1.0811,3.2595,4.7574,7.2074,4.9913,3.2347,5.7715,5.5805,2.9246,2.507,4.6514,2.8566,3.3556,4.0089
Rhob,0,0.95028,1.9206,0,1.0811,1.0865,3.5681,2.7028,3.9931,3.2347,3.8477,4.4644,0.97486,2.507,2.7908,2.8566,3.3556,1.6036
Rnpc3,0,0,0.96029,0,2.1622,0,0,0,0,1.0782,0,0,0,0,0,0,0,0
Rogdi,0,0.95028,0.96029,0,1.0811,1.0865,0,0,0,0,0,0,1.9497,0.83568,0,0,0,0.80178
Rph3a,0,0.95028,0.96029,1.2223,1.0811,1.0865,0,0,1.9965,1.0782,0.96192,1.1161,0.97486,1.6714,1.8605,0.9522,0.8389,1.6036
Rpl12,0,1.9006,1.9206,0,2.1622,2.173,0,1.8018,0,0,0,0,0,0,0.93027,0.9522,0.8389,0.80178
Rpl18,1.474,0.95028,0.96029,0,2.1622,1.0865,1.1894,0,0,0,0,1.1161,0.97486,0.83568,0.93027,0.9522,1.6778,0
Rpl22,0,1.9006,0,1.2223,1.0811,1.0865,0,0,0,0,0,0,1.9497,0,0,0.9522,0,0
Rpl4,0,0,0,0,0,0,1.1894,0,0,0,0,0,0,0.83568,1.8605,0.9522,0,0.80178
Rpl6,0,0,0.96029,0,0,0,0,0.90092,0,0,0,0,0,0.83568,0,0,0.8389,0.80178
Rpl7a,0,0,0,1.2223,1.0811,0,0,0,0,0,0,0,0,0.83568,0.93027,0,1.6778,0.80178
Rplp0,0,1.9006,0.96029,1.2223,1.0811,2.173,0,0.90092,0,2.1564,0,1.1161,0.97486,0,1.8605,1.9044,0.8389,0
Rplp2,0,0,0.96029,0,2.1622,2.173,0,0,0,1.0782,0,0,0,0,0,0,0,0
Rpn1,0,0.95028,0,0,0,0,0,0,0.99827,0,0.96192,0,0,0.83568,0,0,1.6778,0
Rpn2,0,0,0.96029,0,0,0,0,0.90092,0.99827,0,0,0,0,0.83568,0.93027,0,0,1.6036
Rps20,0,0,1.9206,0,0,0,0,0,0,0,0,0,0,0,0,0,0,0
Rps27a,2.948,3.8011,4.8014,3.6668,2.1622,3.2595,1.1894,1.8018,2.9948,2.1564,0,3.3483,2.9246,2.507,1.8605,2.8566,0.8389,3.2071
Rps3,1.474,1.9006,0.96029,1.2223,1.0811,1.0865,0,0,0,0,0,0,0.97486,0,0.93027,0.9522,0,0
Rps4x,0,0.95028,1.9206,0,1.0811,0,0,0,0,0,0,0,0,0,0.93027,0,0,0
Rps7,0,0.95028,0.96029,0,1.0811,1.0865,0,1.8018,1.9965,0,0.96192,1.1161,0.97486,2.507,1.8605,1.9044,1.6778,2.4054
Rps8,0,0.95028,0.96029,0,1.0811,2.173,0,0,0,0,0,0,0.97486,0.83568,0.93027,0.9522,0.8389,1.6036
Rps9,0,0.95028,1.9206,0,1.0811,0,0,0,0,0,0,0,0,1.6714,0.93027,0,0.8389,1.6036
Rpsa,1.474,1.9006,1.9206,1.2223,1.0811,1.0865,0,0,0,0,0,0,0.97486,2.507,1.8605,1.9044,0,0.80178
Rtn1,2.948,3.8011,3.8412,3.6668,4.3244,5.4325,2.3787,0,0.99827,1.0782,2.8858,3.3483,2.9246,1.6714,4.6514,3.8088,3.3556,1.6036
Rtn3,2.948,1.9006,1.9206,2.4445,2.1622,3.2595,2.3787,1.8018,0,2.1564,0,0,0.97486,3.3427,3.7211,1.9044,4.1945,2.4054
Rtn4,0,2.8508,1.9206,0,0,2.173,1.1894,0.90092,0,0,0,0,1.9497,6.6854,4.6514,4.761,5.0334,5.6125
Rufy3,0,0,1.9206,1.2223,1.0811,1.0865,0,0.90092,0.99827,0,0,1.1161,2.9246,0,1.8605,0.9522,0.8389,0.80178
Ryr1,0,0,0,0,0,0,2.3787,0.90092,0,0,0,1.1161,0,0,0.93027,0,0,0.80178
S100b,2.948,2.8508,1.9206,2.4445,2.1622,3.2595,9.5148,1.8018,1.9965,8.6258,1.9238,3.3483,1.9497,1.6714,0,1.9044,0.8389,0
Samm50,0,0,0,0,0,0,3.5681,4.5046,3.9931,3.2347,3.8477,2.2322,0,0,0,0,0,0
Sar1b,0,0,0.96029,0,1.0811,0,1.1894,0,0,0,0,1.1161,0,0,0.93027,0,1.6778,0
Sars,0,1.9006,1.9206,2.4445,1.0811,2.173,0,0,0,0,0,0,1.9497,1.6714,1.8605,1.9044,2.5167,1.6036
Sbno1,0,0,0,0,0,0,3.5681,1.8018,0,0,0.96192,1.1161,0,0,0,0,0.8389,0
Scamp1,0,0.95028,0.96029,0,1.0811,1.0865,0,0,0,0,0,0,1.9497,0,0,2.8566,0,0
Scamp5,1.474,0.95028,0.96029,1.2223,1.0811,1.0865,0,0.90092,1.9965,1.0782,0.96192,0,0.97486,0.83568,0,0.9522,0,1.6036
Sccpdh,0,0.95028,0,1.2223,1.0811,0,0,0,1.9965,2.1564,0,0,0.97486,2.507,3.7211,1.9044,3.3556,4.0089
Scrn1,4.4219,4.7514,2.8809,2.4445,4.3244,3.2595,2.3787,0.90092,3.9931,5.3911,3.8477,3.3483,3.8994,2.507,1.8605,2.8566,1.6778,1.6036
Sdha,1.474,1.9006,2.8809,1.2223,2.1622,3.2595,10.704,8.1083,11.979,11.86,10.581,8.9288,3.8994,5.0141,6.5119,3.8088,6.7112,6.4143
Sdhb,4.4219,0.95028,0.96029,1.2223,1.0811,1.0865,4.7574,1.8018,2.9948,2.1564,2.8858,3.3483,0.97486,1.6714,0.93027,0.9522,0.8389,0.80178
Sec22b,0,1.9006,2.8809,1.2223,2.1622,1.0865,2.3787,0.90092,2.9948,3.2347,1.9238,2.2322,0.97486,0.83568,0.93027,0.9522,0,0
Sfxn1,0,2.8508,3.8412,3.6668,1.0811,4.346,0,2.7028,4.9913,3.2347,5.7715,2.2322,1.9497,1.6714,3.7211,2.8566,1.6778,3.2071
Sfxn3,0,0,1.9206,2.4445,1.0811,2.173,1.1894,5.4055,0.99827,3.2347,3.8477,2.2322,0.97486,1.6714,2.7908,3.8088,1.6778,4.0089
Sfxn5,0,1.9006,0.96029,0,0,2.173,1.1894,3.6037,2.9948,1.0782,1.9238,1.1161,0.97486,0,1.8605,0,0.8389,0.80178
Sgip1,0,0.95028,3.8412,1.2223,1.0811,1.0865,0,0,0,0,0.96192,0,2.9246,3.3427,3.7211,3.8088,0.8389,2.4054
Sh3gl2,4.4219,4.7514,1.9206,3.6668,3.2433,2.173,7.1361,3.6037,1.9965,8.6258,3.8477,6.6966,7.7989,5.0141,0.93027,3.8088,2.5167,1.6036
Sh3glb2,1.474,0.95028,0,2.4445,2.1622,2.173,3.5681,0,2.9948,2.1564,0.96192,3.3483,1.9497,0.83568,1.8605,0.9522,0.8389,1.6036
Shank2,0,0,0.96029,0,0,0,0,3.6037,0,0,1.9238,0,0,0.83568,0,0,0,0
Shroom2,0,0,0,0,0,0,0,0,0,0,0,2.2322,0,0,0,0,0,0
Sirpa,0,0.95028,2.8809,0,0,3.2595,1.1894,0.90092,2.9948,1.0782,0.96192,2.2322,2.9246,1.6714,3.7211,3.8088,0.8389,0.80178
Sirt2,5.8959,5.7017,4.8014,8.5558,4.3244,4.346,2.3787,4.5046,2.9948,5.3911,2.8858,4.4644,3.8994,5.8497,7.4422,5.7132,5.0334,4.0089
Skp1,1.474,1.9006,1.9206,2.4445,2.1622,2.173,4.7574,0,2.9948,5.3911,2.8858,2.2322,1.9497,0,1.8605,1.9044,1.6778,0
Slc12a5,1.474,4.7514,8.6426,0,1.0811,5.4325,4.7574,7.2074,5.9896,0,9.6192,5.5805,3.8994,5.0141,3.7211,3.8088,7.5501,3.2071
Slc17a7,0,0,0,0,0,0,2.3787,3.6037,2.9948,2.1564,1.9238,2.2322,0.97486,1.6714,0.93027,1.9044,2.5167,2.4054
Slc1a2,13.266,11.403,14.404,13.445,10.811,16.298,22.598,30.631,23.958,20.486,22.124,24.554,15.598,12.535,15.815,14.283,10.906,16.837
Slc1a3,8.8439,6.652,8.6426,8.5558,8.6488,8.6921,8.3255,12.613,10.981,6.4693,14.429,16.742,9.7486,9.1924,9.3027,3.8088,7.5501,7.2161
Slc25a1,0,0,0.96029,0,0,2.173,0,0,0,0,0,1.1161,0,0,0,0,0,0
Slc25a11,4.4219,2.8508,3.8412,3.6668,4.3244,4.346,2.3787,0,3.9931,1.0782,4.8096,2.2322,2.9246,0.83568,4.6514,3.8088,2.5167,2.4054
Slc25a18,0,1.9006,1.9206,2.4445,0,2.173,0,0,0,0,0,0,1.9497,1.6714,1.8605,1.9044,0.8389,0.80178
Slc25a3,10.318,8.5525,4.8014,8.5558,6.4866,7.6055,4.7574,8.1083,3.9931,3.2347,2.8858,6.6966,3.8994,4.1784,4.6514,4.761,4.1945,4.8107
Slc25a4,5.8959,10.453,9.6029,9.7781,9.7299,9.7786,9.5148,23.424,12.977,10.782,15.391,7.8127,6.824,10.028,10.233,8.5698,10.067,12.829
Slc25a5,8.8439,6.652,7.6823,9.7781,8.6488,9.7786,10.704,18.018,10.981,11.86,9.6192,8.9288,4.8743,5.0141,7.4422,4.761,4.1945,6.4143
Slc25a51,0,0.95028,0,0,0,0,0,0,0.99827,0,0,0,0,0,1.8605,0,0,0
Slc27a1,0,0,0,0,0,0,0,0,0,0,0,0,0.97486,0,0.93027,0.9522,1.6778,2.4054
Slc2a13,0,0,0,0,0,1.0865,0,0.90092,0,0,0,0,0,0,0,0.9522,0,1.6036
Slc2a3,0,0.95028,0.96029,1.2223,1.0811,1.0865,0,0.90092,1.9965,1.0782,3.8477,0,1.9497,0.83568,1.8605,0.9522,2.5167,0.80178
Slc30a3,0,0.95028,0.96029,1.2223,1.0811,2.173,0,0.90092,0.99827,0,0.96192,0,1.9497,2.507,1.8605,1.9044,2.5167,1.6036
Slc32a1,0,0,0,0,0,0,0,0,0,0,0.96192,1.1161,0,0.83568,0,0,2.5167,1.6036
Slc35e1,0,0,0,0,0,0,0,0,0,0,0,0,0,0.83568,0,0,0,1.6036
Slc3a2,0,1.9006,1.9206,3.6668,1.0811,0,7.1361,2.7028,2.9948,3.2347,0,4.4644,2.9246,3.3427,3.7211,5.7132,5.8723,2.4054
Slc4a10,0,0,0,0,0,0,0,0,0,0,0,0,0,0,0.93027,0,0,0.80178
Slc4a4,0,0,0,0,0,0,0,1.8018,2.9948,1.0782,2.8858,2.2322,0.97486,1.6714,0.93027,0,2.5167,1.6036
Slc6a1,0,0.95028,1.9206,0,0,0,2.3787,2.7028,1.9965,1.0782,2.8858,1.1161,0,1.6714,0.93027,0,1.6778,1.6036
Slc6a17,0,0.95028,0.96029,1.2223,0,1.0865,1.1894,1.8018,0.99827,1.0782,1.9238,2.2322,0.97486,0.83568,0.93027,0.9522,0.8389,1.6036
Slc8a1,0,0,0,0,0,0,0,1.8018,0.99827,1.0782,2.8858,2.2322,0,1.6714,1.8605,0,1.6778,0.80178
Slc8a2,0,1.9006,1.9206,1.2223,1.0811,2.173,0,1.8018,2.9948,0,1.9238,0,1.9497,2.507,3.7211,0.9522,4.1945,3.2071
Slc9a3r1,0,0,0,0,0,0,1.1894,0,0,2.1564,0.96192,0,0,0,0,0,0,0
Snap25,2.948,3.8011,4.8014,4.889,6.4866,5.4325,5.9468,4.5046,1.9965,5.3911,5.7715,10.045,2.9246,3.3427,2.7908,1.9044,1.6778,1.6036
Snap91,1.474,1.9006,2.8809,1.2223,1.0811,1.0865,8.3255,3.6037,1.9965,5.3911,1.9238,2.2322,5.8492,4.1784,2.7908,5.7132,2.5167,4.0089
Snca,2.948,2.8508,1.9206,2.4445,3.2433,1.0865,0,0,0,5.3911,0,0,1.9497,0.83568,1.8605,1.9044,2.5167,1.6036
Sncb,1.474,0,0.96029,1.2223,3.2433,1.0865,0,0,0,0,0,0,0.97486,0.83568,0.93027,0,1.6778,0.80178
Snd1,0,0,0,0,0,0,0,1.8018,0.99827,0,0,0,0,0,0,0,0,1.6036
Sod1,1.474,1.9006,0.96029,0,0,1.0865,1.1894,0,0.99827,4.3129,0.96192,1.1161,0,0,0,0,0,0
Sptan1,28.006,37.061,35.531,20.778,24.865,27.163,42.817,32.433,38.932,35.581,38.477,45.76,30.221,42.619,34.42,35.232,37.75,48.107
Sptbn2,1.474,12.354,11.523,4.889,8.6488,10.865,0,10.811,6.9879,0,1.9238,2.2322,3.8994,14.206,7.4422,2.8566,8.389,12.829
Srcin1,0,0,0.96029,0,0,1.0865,1.1894,10.811,9.9827,1.0782,10.581,6.6966,0,1.6714,0.93027,0,0.8389,0.80178
St13,1.474,1.9006,0,1.2223,1.0811,1.0865,0,0.90092,0,0,0,0,0,0.83568,0,0.9522,0.8389,0.80178
Stip1,2.948,0.95028,0,2.4445,2.1622,1.0865,1.1894,0.90092,0,2.1564,0.96192,0,0.97486,0.83568,1.8605,1.9044,0,0.80178
Stoml2,0,0,0,0,0,1.0865,1.1894,0.90092,0.99827,2.1564,1.9238,0,1.9497,0.83568,0,0.9522,0,0
Stx1a,1.474,3.8011,3.8412,2.4445,2.1622,2.173,4.7574,7.2074,2.9948,4.3129,8.6573,10.045,6.824,4.1784,5.5816,5.7132,4.1945,6.4143
Stx1b,2.948,4.7514,2.8809,4.889,3.2433,6.519,5.9468,10.811,8.9844,5.3911,8.6573,5.5805,8.7737,4.1784,5.5816,5.7132,4.1945,5.6125
Stx7,0,0,0,0,0,0,0,0,0,0,0,0,1.9497,0,0.93027,0.9522,0,0
Stxbp1,22.11,22.807,24.007,18.334,15.135,20.644,14.272,27.929,27.951,19.408,23.086,21.206,19.497,20.892,25.117,21.901,23.489,26.459
Stxbp5,0,0,0,0,0,0,0,0,0,0,0,0,0,0,0,0,0,0
Suclg1,0,2.8508,2.8809,3.6668,3.2433,0,0,1.8018,0,2.1564,0,1.1161,0.97486,3.3427,2.7908,0.9522,3.3556,4.8107
Sv2a,0,1.9006,2.8809,2.4445,3.2433,4.346,2.3787,6.3064,6.9879,2.1564,8.6573,5.5805,4.8743,6.6854,6.5119,3.8088,5.8723,8.8196
Sv2b,0,0,0,0,0,0,0,0,0.99827,0,0,0,0,1.6714,0.93027,0.9522,5.0334,4.0089
Svep1,0,0,0,0,1.0811,0,0,0,0,0,0,0,0,0,0,0.9522,1.6778,0
Syn1,17.688,18.055,17.285,19.556,17.298,15.211,23.787,15.316,20.964,19.408,15.391,15.625,19.497,20.892,18.605,20.948,19.295,18.441
Syn2,20.636,16.155,16.325,18.334,17.298,16.298,20.219,10.811,14.974,14.017,12.505,12.277,16.573,14.206,15.815,13.331,14.261,12.829
Syngap1,1.474,2.8508,2.8809,1.2223,3.2433,3.2595,4.7574,14.415,11.979,1.0782,14.429,12.277,0,0,0,0,0,0
Syngr1,0,0.95028,0.96029,1.2223,1.0811,0,2.3787,0.90092,1.9965,3.2347,0.96192,3.3483,0.97486,0.83568,0.93027,0.9522,0.8389,0
Synj1,0,0.95028,0.96029,0,2.1622,1.0865,0,1.8018,0,0,0,1.1161,0.97486,6.6854,1.8605,5.7132,9.2279,6.4143
Syp,4.4219,2.8508,0.96029,2.4445,2.1622,1.0865,2.3787,0,2.9948,2.1564,3.8477,2.2322,0.97486,0.83568,1.8605,2.8566,1.6778,2.4054
Syt1,7.3699,9.5028,6.722,8.5558,6.4866,6.519,11.894,11.712,12.977,10.782,13.467,4.4644,10.723,10.864,8.3724,10.474,6.7112,8.8196
Syt12,0,0,0.96029,0,0,1.0865,1.1894,0.90092,0,0,0,1.1161,0.97486,0.83568,0.93027,0.9522,0.8389,0.80178
Tagln3,7.3699,6.652,2.8809,4.889,4.3244,5.4325,10.704,6.3064,4.9913,6.4693,3.8477,6.6966,1.9497,0,0,0.9522,2.5167,1.6036
Tcp1,0,3.8011,3.8412,3.6668,3.2433,2.173,0,0.90092,1.9965,0,0.96192,3.3483,3.8994,2.507,4.6514,2.8566,2.5167,1.6036
Tf,1.474,2.8508,2.8809,2.4445,3.2433,2.173,0,1.8018,0,0,0,1.1161,0.97486,3.3427,3.7211,1.9044,2.5167,2.4054
Them4,0,0,0,0,0,0,0,0,0,0,0,0,0,0,1.8605,1.9044,0,0
Thop1,0,0.95028,1.9206,2.4445,2.1622,2.173,0,0.90092,0.99827,0,0,0,1.9497,0.83568,1.8605,1.9044,0,0
Thy1,5.8959,2.8508,0.96029,2.4445,2.1622,0,4.7574,4.5046,0.99827,5.3911,2.8858,4.4644,0.97486,2.507,1.8605,0.9522,2.5167,2.4054
Tkt,1.474,5.7017,7.6823,2.4445,4.3244,6.519,2.3787,0,1.9965,0,0,3.3483,0,3.3427,0,0,4.1945,2.4054
Tmem39a,0,0,0,0,0,0,2.3787,0.90092,0,0,0.96192,0,0,0,0,0,0,0
Tmod2,0,0.95028,2.8809,2.4445,1.0811,1.0865,3.5681,3.6037,1.9965,5.3911,3.8477,4.4644,0,0,0,0.9522,0,0
Tmx2,0,0,0,0,0,2.173,0,0.90092,0,0,0.96192,0,0.97486,0.83568,0,0.9522,1.6778,0.80178
Tnr,2.948,4.7514,5.7617,2.4445,3.2433,4.346,0,4.5046,0.99827,1.0782,1.9238,0,2.9246,2.507,3.7211,2.8566,3.3556,7.2161
Tomm20,0,0,0,0,0,0,1.1894,0.90092,1.9965,4.3129,3.8477,2.2322,0,0,0,0,0,0
Tomm70a,1.474,1.9006,2.8809,3.6668,3.2433,2.173,15.462,9.0092,7.9861,8.6258,7.6954,6.6966,2.9246,1.6714,3.7211,2.8566,3.3556,2.4054
Tpi1,11.792,8.5525,7.6823,9.7781,9.7299,7.6055,9.5148,8.1083,4.9913,10.782,5.7715,11.161,7.7989,3.3427,5.5816,7.6176,5.8723,6.4143
Tpm3,1.474,0,0.96029,1.2223,0,1.0865,3.5681,0,3.9931,6.4693,1.9238,0,0.97486,0,0.93027,0.9522,0,0
Tpp2,1.474,0,0,0,0,0,1.1894,0,0,1.0782,0,0,0.97486,0,0.93027,0,1.6778,0
Trap1,2.948,1.9006,1.9206,1.2223,2.1622,1.0865,1.1894,1.8018,0.99827,2.1564,1.9238,1.1161,3.8994,1.6714,1.8605,0.9522,2.5167,4.0089
Trim2,0,0,0,0,0,0,0,0,0,0,0,0,0,1.6714,0,0,0,0
Tsc22d4,0,0,0,0,0,0,0,1.8018,0,0,0,1.1161,0,0,0,0,0,0
TSH2B,5.8959,4.7514,3.8412,4.889,3.2433,5.4325,0,0,0,2.1564,0,2.2322,0,0,0,0,0,0
Tst,0,0.95028,0.96029,1.2223,2.1622,2.173,1.1894,0,0,2.1564,0,0,0.97486,1.6714,2.7908,1.9044,1.6778,2.4054
Ttyh1,0,0.95028,2.8809,1.2223,1.0811,1.0865,2.3787,0,0.99827,1.0782,0.96192,2.2322,1.9497,2.507,2.7908,1.9044,2.5167,3.2071
Tuba1a,53.063,43.713,46.094,41.557,44.325,49.979,26.166,50.452,33.941,19.408,29.82,27.903,33.145,55.99,56.746,34.279,50.334,66.548
Tuba1b,50.115,41.812,43.213,44.001,43.244,45.633,22.598,35.136,25.955,21.564,22.124,24.554,35.095,45.962,43.723,34.279,39.428,52.918
Tuba4a,44.219,34.21,36.491,40.335,37.839,39.114,26.166,28.829,26.953,20.486,21.162,24.554,30.221,37.605,36.281,28.566,34.395,42.495
Tubb2a,81.069,55.116,51.856,62.335,61.623,57.585,47.574,42.343,51.91,51.755,52.906,46.876,46.793,38.441,43.723,52.371,46.139,38.486
Tubb2b,79.595,55.116,50.895,62.335,61.623,56.498,45.195,41.442,51.91,51.755,52.906,46.876,46.793,36.77,42.792,52.371,46.139,39.287
Tubb3,58.959,40.862,38.412,50.113,54.055,44.547,32.113,32.433,32.943,38.816,41.363,34.599,41.919,35.098,34.42,41.897,36.912,28.864
Tubb4b,72.225,54.166,47.054,63.558,60.542,55.412,42.817,41.442,49.913,45.285,50.982,46.876,44.844,31.756,37.211,48.562,41.106,35.279
Tubb5,73.699,54.166,48.975,59.891,59.461,58.671,42.817,40.541,50.912,51.755,50.982,43.528,46.793,37.605,41.862,51.419,46.978,38.486
Tufm,1.474,0.95028,1.9206,1.2223,1.0811,2.173,2.3787,3.6037,2.9948,4.3129,3.8477,3.3483,2.9246,3.3427,6.5119,2.8566,5.0334,2.4054
Txnl1,0,0,0,0,0,0,0,0,0,0,0,0,0,0,1.8605,0,0.8389,0.80178
Uba1,4.4219,9.5028,12.484,7.3336,8.6488,10.865,9.5148,6.3064,2.9948,7.5475,3.8477,4.4644,14.623,8.3568,8.3724,8.5698,10.906,8.8196
Ube2n,1.474,1.9006,0.96029,1.2223,2.1622,2.173,0,0.90092,1.9965,1.0782,1.9238,1.1161,1.9497,0,0.93027,0.9522,1.6778,0
Uchl1,8.8439,9.5028,9.6029,12.223,8.6488,7.6055,5.9468,3.6037,4.9913,2.1564,2.8858,4.4644,7.7989,4.1784,2.7908,5.7132,5.0334,2.4054
Uggt1,0,0,0,0,0,0,0,0,0,0,0,0,0,0.83568,2.7908,0.9522,0.8389,1.6036
Ugt8,0,0,0,0,0,0,0,0,0,0,0,0,0,0.83568,0,0,0.8389,0.80178
Unc13a,0,0,0,0,0,0,0,0.90092,0,0,0,0,0,0,0,0,0,0.80178
Uqcrc1,8.8439,9.5028,11.523,7.3336,12.973,6.519,10.704,18.018,12.977,14.017,13.467,10.045,5.8492,5.0141,10.233,4.761,7.5501,7.2161
Uqcrc2,10.318,9.5028,7.6823,12.223,15.135,13.038,20.219,16.217,17.969,16.173,21.162,22.322,8.7737,5.0141,5.5816,7.6176,5.8723,5.6125
Uqcrfs1,1.474,2.8508,0,2.4445,1.0811,1.0865,3.5681,3.6037,3.9931,3.2347,5.7715,5.5805,0.97486,0.83568,0,0.9522,0.8389,0
Uqcrh,0,0,0.96029,0,0,1.0865,1.1894,0.90092,1.9965,2.1564,0,1.1161,0.97486,0,0,0,0,0
Ushbp1,0,0,0.96029,0,0,1.0865,0,0,0,0,0,0,0,0,0,0.9522,1.6778,0
Usmg5,1.474,0.95028,0.96029,1.2223,1.0811,1.0865,3.5681,2.7028,2.9948,3.2347,1.9238,3.3483,1.9497,0.83568,1.8605,1.9044,0.8389,0
Vamp2,5.8959,4.7514,3.8412,6.1113,5.4055,5.4325,10.704,3.6037,6.9879,7.5475,4.8096,8.9288,2.9246,4.1784,3.7211,5.7132,3.3556,1.6036
Vapa,0,0,0.96029,1.2223,1.0811,1.0865,2.3787,1.8018,0,0,4.8096,3.3483,0.97486,0.83568,0,0.9522,0.8389,0.80178
Vat1,0,0.95028,0.96029,1.2223,1.0811,0,2.3787,0,1.9965,5.3911,0,0,2.9246,1.6714,2.7908,1.9044,2.5167,0.80178
Vcp,2.948,4.7514,6.722,3.6668,7.5677,5.4325,10.704,4.5046,8.9844,7.5475,4.8096,5.5805,7.7989,9.1924,7.4422,7.6176,8.389,8.0178
Vdac1,7.3699,8.5525,8.6426,4.889,7.5677,7.6055,9.5148,18.018,17.969,12.939,21.162,17.858,1.9497,2.507,4.6514,3.8088,1.6778,3.2071
Vdac2,4.4219,2.8508,2.8809,4.889,5.4055,2.173,5.9468,7.2074,5.9896,5.3911,8.6573,6.6966,0.97486,3.3427,2.7908,0.9522,0.8389,3.2071
Vdac3,5.8959,4.7514,4.8014,2.4445,4.3244,4.346,8.3255,6.3064,6.9879,6.4693,6.7335,5.5805,2.9246,2.507,3.7211,4.761,0.8389,2.4054
Vim,1.474,0.95028,0.96029,0,2.1622,2.173,0,0,0,0,0,0,0,0,0,0,0,0
Vps26a,0,0,0,0,0,0,0,0,0,0,0,0,0,0,0.93027,1.9044,0,0
Vps29,0,0.95028,0.96029,1.2223,1.0811,0,0,0,0,0,0,0,0.97486,0,0.93027,0.9522,1.6778,0
Vps45,0,0,0,0,0,0,0,0,0,0,0,0,0,0,0.93027,1.9044,0,0.80178
Vsnl1,5.8959,9.5028,4.8014,9.7781,8.6488,7.6055,15.462,10.811,9.9827,12.939,5.7715,8.9288,8.7737,3.3427,3.7211,5.7132,3.3556,4.8107
Wasf1,0,0.95028,0.96029,0,1.0811,1.0865,0,2.7028,1.9965,4.3129,1.9238,2.2322,0.97486,0.83568,2.7908,1.9044,2.5167,0.80178
Wdr1,0,0.95028,0,1.2223,2.1622,2.173,0,0.90092,0.99827,0,0,1.1161,0.97486,2.507,2.7908,2.8566,3.3556,4.0089
Wdr7,0,0,0,0,0,0,0,0.90092,0,0,0,0,0,4.1784,0.93027,0,4.1945,4.0089
Xpo1,0,0,0.96029,0,0,1.0865,0,0,0,0,0,0,0.97486,0,1.8605,0,1.6778,0.80178
Ywhab,13.266,10.453,11.523,12.223,11.892,10.865,21.408,14.415,10.981,17.252,12.505,14.509,8.7737,7.5211,8.3724,7.6176,5.0334,5.6125
Ywhae,16.214,16.155,15.365,12.223,11.892,16.298,19.03,14.415,8.9844,14.017,13.467,13.393,8.7737,6.6854,4.6514,6.6654,3.3556,6.4143
Ywhag,4.4219,7.6023,6.722,6.1113,6.4866,5.4325,10.704,10.811,10.981,15.095,10.581,7.8127,5.8492,8.3568,7.4422,6.6654,5.8723,5.6125
Ywhah,7.3699,9.5028,8.6426,6.1113,7.5677,7.6055,13.083,6.3064,9.9827,14.017,11.543,10.045,6.824,5.0141,3.7211,5.7132,2.5167,2.4054
Ywhaq,11.792,9.5028,6.722,7.3336,8.6488,8.6921,17.84,10.811,11.979,16.173,11.543,17.858,8.7737,7.5211,5.5816,6.6654,5.0334,5.6125
Ywhaz,14.74,11.403,9.6029,13.445,15.135,11.952,20.219,14.415,17.969,26.955,19.238,21.206,10.723,9.1924,10.233,10.474,7.5501,7.2161
Zc3h18,0,0,0,0,0,0,1.1894,0.90092,0,0,0,2.2322,0,0,0.93027,0,0,0
